2;933001;Caixa;Gabriel;Gabriel;1103;11011;2024-07-17 23:30:02;2024-07-17 23:30:02
3;933002;Guia;Gustavo;Gustavo;1103;11015;2024-07-17 23:30:02;2024-07-17 23:30:02
4;933003;Tampa;Gabriel;Gabriel;1103;11011;2024-07-17 23:30:02;2024-07-17 23:30:02
5;933004;Pecas soldadas;Gabriel;Gabriel;1103;11011;2024-07-17 23:30:02;2024-07-17 23:30:02
6;933005;Guia;Gustavo;Gustavo;1103;11022;2024-07-17 23:30:02;2024-07-17 23:30:02
7;933006;Trilho;Fabio;Fabio;1103;11021;2024-07-17 23:30:02;2024-07-17 23:30:02
8;933007;Suporte;Fabio;Fabio;1103;11054;2024-07-17 23:30:02;2024-07-17 23:30:02
9;933008;Bucha;Fabio;Fabio;1103;11068;2024-07-17 23:30:02;2024-07-17 23:30:02
10;933009;Barra;Fabio;Fabio;1103;11074;2024-07-17 23:30:02;2024-07-17 23:30:02
11;933010;Suporte;Fabio;Fabio;1103;11074;2024-07-17 23:30:02;2024-07-17 23:30:02
12;933011;P-A Sujeicao;Fabio;Fabio;1103;11074;2024-07-17 23:30:02;2024-07-17 23:30:02
13;933012;Cobertura cilindro;Gabriel;Gabriel;1103;11074;2024-07-17 23:30:02;2024-07-17 23:30:02
14;933013;Cobertura retrabalhada;Gabriel;Gabriel;1103;11074;2024-07-17 23:30:02;2024-07-17 23:30:02
15;933014;Cobertura retrabalhada;Gabriel;Gabriel;1103;11074;2024-07-17 23:30:02;2024-07-17 23:30:02
16;933015;Cobertura retrabalhada;Gabriel;Gabriel;1103;11074;2024-07-17 23:30:02;2024-07-17 23:30:02
17;933016;Cobertura retrabalhada;Gabriel;Gabriel;1103;11074;2024-07-17 23:30:02;2024-07-17 23:30:02
18;933017;Alavanca ;Fabio;Fabio;1103;11074;2024-07-17 23:30:02;2024-07-17 23:30:02
19;933018;Suporte;Fabio;Fabio;1103;11074;2024-07-17 23:30:02;2024-07-17 23:30:02
20;933019;Suporte em L;Gabriel;Gabriel;1103;11074;2024-07-17 23:30:02;2024-07-17 23:30:02
21;933020;Cobertura dianteira retrabalhada;Gabriel;Gabriel;1103;11079;2024-07-17 23:30:02;2024-07-17 23:30:02
22;933021;Cobertura traseira retrabalhada;Gabriel;Gabriel;1103;11079;2024-07-17 23:30:02;2024-07-17 23:30:02
23;933022;Tapete pecas;Gabriel;Gabriel;1103;11091;2024-07-17 23:30:02;2024-07-17 23:30:02
24;933023;Tubo;Gabriel;Gabriel;1103;11091;2024-07-17 23:30:02;2024-07-17 23:30:02
25;933024;Porta macho wf1;Gustavo;Allan;1103;11093;2024-07-17 23:30:02;2024-07-17 23:30:02
26;933025;JG pcs pneumaticas;Gabriel;Gabriel;1103;11074;2024-07-17 23:30:02;2024-07-17 23:30:02
27;933026;Chapa fixacao;Gabriel;Gabriel;1103;11074;2024-07-17 23:30:02;2024-07-17 23:30:02
28;933027;Base retrabalhada;Gabriel;Gabriel;1103;11074;2024-07-17 23:30:02;2024-07-17 23:30:02
29;933028;P-A S/ carros verticais;Gabriel;Gabriel;1103;11101;2024-07-17 23:30:02;2024-07-17 23:30:02
30;933029;Tampa;Gabriel;Gabriel;1103;11101;2024-07-17 23:30:02;2024-07-17 23:30:02
31;933030;Sujeicao pneumatica CPL;Gabriel;Gabriel;1103;11125;2024-07-17 23:30:02;2024-07-17 23:30:02
32;933031;Jogo pecas pneumaticas;Gabriel;Gabriel;1103;11125;2024-07-17 23:30:02;2024-07-17 23:30:02
33;933032;Armario retrabalhado;Gabriel;Gabriel;1103;11125;2024-07-17 23:30:02;2024-07-17 23:30:02
34;933033;Chapa de montagem;Gabriel;Gabriel;1103;11125;2024-07-17 23:30:02;2024-07-17 23:30:02
35;933034;Capa protetora;Gabriel;Gabriel;1103;11125;2024-07-17 23:30:02;2024-07-17 23:30:02
36;933035;Tampa do fuso;Gabriel;Gabriel;1103;11125;2024-07-17 23:30:02;2024-07-17 23:30:02
37;933036;Tampa fuso;Gabriel;Gabriel;1103;11125;2024-07-17 23:30:02;2024-07-17 23:30:02
38;933037;Suporte chave seguranca;Gabriel;Gabriel;1103;11125;2024-07-17 23:30:02;2024-07-17 23:30:02
39;933038;Suporte sensor;Gabriel;Gabriel;1103;11132;2024-07-17 23:30:02;2024-07-17 23:30:02
40;933039;Atuador;Gabriel;Gabriel;1103;11132;2024-07-17 23:30:02;2024-07-17 23:30:02
41;933040;UEBS Contador de pecas;Gustavo;Gustavo;1103;11135;2024-07-17 23:30:02;2024-07-17 23:30:02
42;933041;Esquema pneumatico;Gabriel;Gabriel;1103;11151;2024-07-17 23:30:02;2024-07-17 23:30:02
43;933042;Junta faudi CPL;Gabriel;Gabriel;1103;11151;2024-07-17 23:30:02;2024-07-17 23:30:02
44;933043;Panela;Gabriel;Gabriel;1103;11151;2024-07-17 23:30:02;2024-07-17 23:30:02
45;933044;Armario CPL;Gabriel;Gabriel;1103;11074;2024-07-17 23:30:02;2024-07-17 23:30:02
46;933045;Chapa retrabalhada;Gabriel;Gabriel;1103;11074;2024-07-17 23:30:02;2024-07-17 23:30:02
47;933046;Armario retrabalhado;Gabriel;Gabriel;1103;11074;2024-07-17 23:30:02;2024-07-17 23:30:02
48;933047;Esquema pneumatico;Gabriel;Gabriel;1103;11074;2024-07-17 23:30:02;2024-07-17 23:30:02
49;933048;Niple;Fabio;Fabio;1103;11153;2024-07-17 23:30:02;2024-07-17 23:30:02
50;933049;Kit desgaste basico;Gabriel;Gabriel;1103;11196;2024-07-17 23:30:02;2024-07-17 23:30:02
51;933050;Kit desgaste BGSE;Gabriel;Gabriel;1103;11196;2024-07-17 23:30:02;2024-07-17 23:30:02
52;933051;Kit desgaste LEV;Gabriel;Gabriel;1103;11196;2024-07-17 23:30:02;2024-07-17 23:30:02
53;933052;UEBS Plaquetas;Gabriel;Gabriel;1103;11196;2024-07-17 23:30:02;2024-07-17 23:30:02
54;933053;Plaquetas A25;Gabriel;Gabriel;1103;11196;2024-07-17 23:30:02;2024-07-17 23:30:02
55;933054;Plaquetas A25;Gabriel;Gabriel;1103;11196;2024-07-17 23:30:02;2024-07-17 23:30:02
56;933055;Plaquetas A25;Gabriel;Gabriel;1103;11196;2024-07-17 23:30:02;2024-07-17 23:30:02
57;933056;Plaquetas A15;Gabriel;Gabriel;1103;11196;2024-07-17 23:30:02;2024-07-17 23:30:02
58;933057;Plaquetas A15;Gabriel;Gabriel;1103;11196;2024-07-17 23:30:02;2024-07-17 23:30:02
59;933058;Plaquetas A15;Gabriel;Gabriel;1103;11196;2024-07-17 23:30:02;2024-07-17 23:30:02
60;933059;Plaquetas A25E;Gabriel;Gabriel;1103;11196;2024-07-17 23:30:02;2024-07-17 23:30:02
61;933060;Plaquetas A25E;Gabriel;Gabriel;1103;11196;2024-07-17 23:30:02;2024-07-17 23:30:02
62;933061;Plaquetas A25E;Gabriel;Gabriel;1103;11196;2024-07-17 23:30:02;2024-07-17 23:30:02
63;933062;Plaquetas A15E;Gabriel;Gabriel;1103;11196;2024-07-17 23:30:02;2024-07-17 23:30:02
64;933063;Plaquetas A15E;Gabriel;Gabriel;1103;11196;2024-07-17 23:30:02;2024-07-17 23:30:02
65;933064;Plaquetas A15E;Gabriel;Gabriel;1103;11196;2024-07-17 23:30:02;2024-07-17 23:30:02
66;933065;Eixo de comando e guia CPL;Gabriel;Gabriel;1103;11196;2024-07-17 23:30:02;2024-07-17 23:30:02
67;933066;Eixo de comando e guia CPL;Gabriel;Gabriel;1103;11196;2024-07-17 23:30:02;2024-07-17 23:30:02
68;933067;UEBS Fuso principal;Gabriel;Gabriel;1103;11196;2024-07-17 23:30:02;2024-07-17 23:30:02
69;933068;Fuso principal A25 50/60Hz 1 velocidade CPL;Gabriel;Gabriel;1103;11196;2024-07-17 23:30:02;2024-07-17 23:30:02
70;933069;Fuso principal A25 60Hz 1 velocidade CPL;Gabriel;Gabriel;1103;11196;2024-07-17 23:30:02;2024-07-17 23:30:02
71;933070;Fuso principal A25 exportacao 2 velocidades CPL;Gabriel;Gabriel;1103;11196;2024-07-17 23:30:02;2024-07-17 23:30:02
72;933071;Fuso principal A25 TS CPL;Gabriel;Gabriel;1103;11196;2024-07-17 23:30:02;2024-07-17 23:30:02
73;933072;Fuso principal A25E CPL;Gabriel;Gabriel;1103;11196;2024-07-17 23:30:02;2024-07-17 23:30:02
74;933073;Fuso principal A15 50Hz 1 velocidade;Gabriel;Gabriel;1103;11196;2024-07-17 23:30:02;2024-07-17 23:30:02
75;933074;Fuso principal A15 60Hz 1 velocidade;Gabriel;Gabriel;1103;11196;2024-07-17 23:30:02;2024-07-17 23:30:02
76;933075;Fuso principal A15 nacional 2 velocidades;Gabriel;Gabriel;1103;11196;2024-07-17 23:30:02;2024-07-17 23:30:02
77;933076;Fuso principal A15 esportacao 2 velocidades;Gabriel;Gabriel;1103;11196;2024-07-17 23:30:02;2024-07-17 23:30:02
78;933077;Fuso principal A15 TS;Gabriel;Gabriel;1103;11196;2024-07-17 23:30:02;2024-07-17 23:30:02
79;933078;Fuso principal A15E;Gabriel;Gabriel;1103;11196;2024-07-17 23:30:02;2024-07-17 23:30:02
80;933079;UEBS Eixo rosca sem fim;Gabriel;Gabriel;1103;11196;2024-07-17 23:30:02;2024-07-17 23:30:02
81;933080;UEBS Acionamento principal intermediario;Gabriel;Gabriel;1103;11196;2024-07-17 23:30:02;2024-07-17 23:30:02
82;933081;Acion. principal interm. A25 60Hz 1 velocidade;Gabriel;Gabriel;1103;11196;2024-07-17 23:30:02;2024-07-17 23:30:02
83;933082;Acion. principal interm. A25 50Hz 1 velocidade;Gabriel;Gabriel;1103;11196;2024-07-17 23:30:02;2024-07-17 23:30:02
84;933083;Acion. principal interm. A25 exportacao 2 velocidades;Gabriel;Gabriel;1103;11196;2024-07-17 23:30:02;2024-07-17 23:30:02
85;933084;Acion. principal interm. A25 TS;Gabriel;Gabriel;1103;11196;2024-07-17 23:30:02;2024-07-17 23:30:02
86;933085;Acion. principal interm. A25E;Gabriel;Gabriel;1103;11196;2024-07-17 23:30:02;2024-07-17 23:30:02
87;933086;Acion. principal interm. A15 60Hz 1 velocidade;Gabriel;Gabriel;1103;11196;2024-07-17 23:30:02;2024-07-17 23:30:02
88;933087;Acion. principal interm. A15 50Hz 1 velocidade;Gabriel;Gabriel;1103;11196;2024-07-17 23:30:02;2024-07-17 23:30:02
89;933088;Acion. principal interm. A15 exportacao 2 velocidades;Gabriel;Gabriel;1103;11196;2024-07-17 23:30:02;2024-07-17 23:30:02
90;933089;Acion. principal interm. A15 TS;Gabriel;Gabriel;1103;11196;2024-07-17 23:30:02;2024-07-17 23:30:02
91;933090;Acion. principal interm. A15E;Gabriel;Gabriel;1103;11196;2024-07-17 23:30:02;2024-07-17 23:30:02
92;933091;Acionamento intermediario A25 60Hz 1V CPL;Gabriel;Gabriel;1103;11196;2024-07-17 23:30:02;2024-07-17 23:30:02
93;933092;Acionamento intermediario A25 50Hz 1V CPL;Gabriel;Gabriel;1103;11196;2024-07-17 23:30:02;2024-07-17 23:30:02
94;933093;Acionamento intermediario A15 60Hz 1V CPL;Gabriel;Gabriel;1103;11196;2024-07-17 23:30:02;2024-07-17 23:30:02
95;933094;Acionamento intermediario A15 50Hz 1V CPL;Gabriel;Gabriel;1103;11196;2024-07-17 23:30:02;2024-07-17 23:30:02
96;933095;UEBS Mecanismo de avanco;Gabriel;Gabriel;1103;11196;2024-07-17 23:30:02;2024-07-17 23:30:02
97;933096;Mecanismo de avanco A15/25 60Hz CPL;Gabriel;Gabriel;1103;11196;2024-07-17 23:30:02;2024-07-17 23:30:02
98;933097;Mecanismo de avanco A15/25 50Hz CPL;Gabriel;Gabriel;1103;11196;2024-07-17 23:30:02;2024-07-17 23:30:02
99;933098;UEBS Sujeicao;Gabriel;Gabriel;1103;11196;2024-07-17 23:30:02;2024-07-17 23:30:02
100;933099;UEBS Eixo comando e guia;Gabriel;Gabriel;1103;11196;2024-07-17 23:30:02;2024-07-17 23:30:02
101;933100;Estrutura A15/25;Gabriel;Gabriel;1103;11199;2024-07-17 23:30:02;2024-07-17 23:30:02
102;933101;P-A Polia A25;Gabriel;Gabriel;1103;11199;2024-07-17 23:30:02;2024-07-17 23:30:02
103;933102;P-A Polia A15;Gabriel;Gabriel;1103;11199;2024-07-17 23:30:02;2024-07-17 23:30:02
104;933103;Escova dianteira;Gabriel;Gabriel;1103;11209;2024-07-17 23:30:02;2024-07-17 23:30:02
105;933104;Escova traseira;Gabriel;Gabriel;1103;11209;2024-07-17 23:30:02;2024-07-17 23:30:02
106;933105;Disp furar e rosquear CPL;Gabriel;Gabriel;1103;11214;2024-07-17 23:30:02;2024-07-17 23:30:02
107;933106;Kit desgaste alimentador barras;Gabriel;Gabriel;1103;11214;2024-07-17 23:30:02;2024-07-17 23:30:02
108;933107;Tampa;Gabriel;Gabriel;1103;11246;2024-07-17 23:30:02;2024-07-17 23:30:02
109;933108;Calha de pecas;Gabriel;Gabriel;1103;11276;2024-07-17 23:30:02;2024-07-17 23:30:02
110;933109;Mecanismo de avanco CPL;Gabriel;Gabriel;1103;11329;2024-07-17 23:30:02;2024-07-17 23:30:02
111;933110;Suporte motor;Gabriel;Gabriel;1103;11329;2024-07-17 23:30:02;2024-07-17 23:30:02
112;933111;Placa;Gabriel;Gabriel;1103;11329;2024-07-17 23:30:02;2024-07-17 23:30:02
113;933112;Chapa;Gabriel;Gabriel;1103;11330;2024-07-17 23:30:02;2024-07-17 23:30:02
114;933113;Polia Z16;Gustavo;Gustavo;1103;11358;2024-07-17 23:30:02;2024-07-17 23:30:02
115;933114;Suporte;Gustavo;Gustavo;1103;11358;2024-07-17 23:30:02;2024-07-17 23:30:02
116;933115;Mecanismo de avanco;Gustavo;Gustavo;1103;11358;2024-07-17 23:30:02;2024-07-17 23:30:02
117;933116;Chapa;Gabriel;Gabriel;1103;11363;2024-07-17 23:30:02;2024-07-17 23:30:02
118;933117;UEBS arvore principal;Gabriel;Gabriel;1103;11365;2024-07-17 23:30:02;2024-07-17 23:30:02
119;933118;Sujeicao pneumatica TD26E;Gabriel;Gabriel;1103;11365;2024-07-17 23:30:02;2024-07-17 23:30:02
120;933119;Sujeicao pneumatica TD16E;Gabriel;Gabriel;1103;11365;2024-07-17 23:30:02;2024-07-17 23:30:02
121;933120;Sujeicao pneumatica TD36E;Gabriel;Gabriel;1103;11365;2024-07-17 23:30:02;2024-07-17 23:30:02
122;933121;Fuso principal TD26E suj mecanica;Gabriel;Gabriel;1103;11365;2024-07-17 23:30:02;2024-07-17 23:30:02
123;933122;Fuso principal TD26E suj pneumatica;Gabriel;Gabriel;1103;11365;2024-07-17 23:30:02;2024-07-17 23:30:02
124;933123;Fuso principal TD16E suj mecanica;Gabriel;Gabriel;1103;11365;2024-07-17 23:30:02;2024-07-17 23:30:02
125;933124;Fuso principal TD16E suj pneumatica;Gabriel;Gabriel;1103;11365;2024-07-17 23:30:02;2024-07-17 23:30:02
126;933125;Fuso principal TD36E suj mecanica;Gabriel;Gabriel;1103;11365;2024-07-17 23:30:02;2024-07-17 23:30:02
127;933126;Fuso principal TD36E suj pneumatica;Gabriel;Gabriel;1103;11365;2024-07-17 23:30:02;2024-07-17 23:30:02
128;933127;Hidraulico 60Hz;Gabriel;Gabriel;1103;11365;2024-07-17 23:30:02;2024-07-17 23:30:02
129;933128;Hidraulico 50Hz;Gabriel;Gabriel;1103;11365;2024-07-17 23:30:02;2024-07-17 23:30:02
130;933129;Fuso principal TDF26E 60Hz;Gabriel;Gabriel;1103;11365;2024-07-17 23:30:02;2024-07-17 23:30:02
131;933130;Fuso principal TDF26E 50Hz;Gabriel;Gabriel;1103;11365;2024-07-17 23:30:02;2024-07-17 23:30:02
132;933131;UEBS Refrigeracao;Gabriel;Gabriel;1103;11365;2024-07-17 23:30:02;2024-07-17 23:30:02
133;933132;Bomba 220/380/440 50Hz;Gabriel;Gabriel;1103;11365;2024-07-17 23:30:02;2024-07-17 23:30:02
134;933133;Refrigeracao 60Hz;Gabriel;Gabriel;1103;11365;2024-07-17 23:30:02;2024-07-17 23:30:02
135;933134;Refrigeracao 50Hz;Gabriel;Gabriel;1103;11365;2024-07-17 23:30:02;2024-07-17 23:30:02
136;933135;UEBS Plaquetas etiquetas;Gabriel;Gabriel;1103;11365;2024-07-17 23:30:02;2024-07-17 23:30:02
137;933136;Plaquetas TD26E Portugues;Gabriel;Gabriel;1103;11365;2024-07-17 23:30:02;2024-07-17 23:30:02
138;933137;Plaquetas TD26E Alemao;Gabriel;Gabriel;1103;11365;2024-07-17 23:30:02;2024-07-17 23:30:02
139;933138;Plaquetas TD26E Ingles;Gabriel;Gabriel;1103;11365;2024-07-17 23:30:02;2024-07-17 23:30:02
140;933139;Plaquetas TD26E Espanhol;Gabriel;Gabriel;1103;11365;2024-07-17 23:30:02;2024-07-17 23:30:02
141;933140;Plaquetas TD16E Portugues;Gabriel;Gabriel;1103;11365;2024-07-17 23:30:02;2024-07-17 23:30:02
142;933141;Plaquetas TD16E Alemao;Gabriel;Gabriel;1103;11365;2024-07-17 23:30:02;2024-07-17 23:30:02
143;933142;Plaquetas TD16E Ingles;Gabriel;Gabriel;1103;11365;2024-07-17 23:30:02;2024-07-17 23:30:02
144;933143;Plaquetas TD16E Espanhol;Gabriel;Gabriel;1103;11365;2024-07-17 23:30:02;2024-07-17 23:30:02
145;933144;Plaquetas TD36E Portugues;Gabriel;Gabriel;1103;11365;2024-07-17 23:30:02;2024-07-17 23:30:02
146;933145;Plaquetas TD36E Alemao;Gabriel;Gabriel;1103;11365;2024-07-17 23:30:02;2024-07-17 23:30:02
147;933146;Plaquetas TD36E Ingles;Gabriel;Gabriel;1103;11365;2024-07-17 23:30:02;2024-07-17 23:30:02
148;933147;Plaquetas TD36E Espanhol;Gabriel;Gabriel;1103;11365;2024-07-17 23:30:02;2024-07-17 23:30:02
149;933148;Plaquetas TDF26E Portugues;Gabriel;Gabriel;1103;11365;2024-07-17 23:30:02;2024-07-17 23:30:02
150;933149;Plaquetas TDF26E Alemao;Gabriel;Gabriel;1103;11365;2024-07-17 23:30:02;2024-07-17 23:30:02
151;933150;Plaquetas TDF26E Ingles;Gabriel;Gabriel;1103;11365;2024-07-17 23:30:02;2024-07-17 23:30:02
152;933151;Plaquetas TDF26E Espanhol;Gabriel;Gabriel;1103;11365;2024-07-17 23:30:02;2024-07-17 23:30:02
153;933152;Bomba refrigeracao 60Hz;Gabriel;Gabriel;1103;11380;2024-07-17 23:30:02;2024-07-17 23:30:02
154;933153;Porta ferramenta tornear externo 16x16;Gustavo;Gustavo;1103;11414;2024-07-17 23:30:02;2024-07-17 23:30:02
155;933154;Pinca A-60 D-50,25mm;Gustavo;Gustavo;1103;11414;2024-07-17 23:30:02;2024-07-17 23:30:02
156;933155;UEBS Fuso principal;Gabriel;Gabriel;1103;11421;2024-07-17 23:30:02;2024-07-17 23:30:02
157;933156;Fuso principal TD26;Gabriel;Gabriel;1103;11421;2024-07-17 23:30:02;2024-07-17 23:30:02
158;933157;Fuso principal TD26;Gabriel;Gabriel;1103;11421;2024-07-17 23:30:02;2024-07-17 23:30:02
159;933158;Fuso principal TD26;Gabriel;Gabriel;1103;11421;2024-07-17 23:30:02;2024-07-17 23:30:02
160;933159;Fuso principal TD26;Gabriel;Gabriel;1103;11421;2024-07-17 23:30:02;2024-07-17 23:30:02
161;933160;Fuso principal TD26;Gabriel;Gabriel;1103;11421;2024-07-17 23:30:02;2024-07-17 23:30:02
162;933161;Fuso principal TD26;Gabriel;Gabriel;1103;11421;2024-07-17 23:30:02;2024-07-17 23:30:02
163;933162;Fuso principal TD16;Gabriel;Gabriel;1103;11421;2024-07-17 23:30:02;2024-07-17 23:30:02
164;933163;Fuso principal TD16;Gabriel;Gabriel;1103;11421;2024-07-17 23:30:02;2024-07-17 23:30:02
165;933164;Fuso principal TD16;Gabriel;Gabriel;1103;11421;2024-07-17 23:30:02;2024-07-17 23:30:02
166;933165;Fuso principal TD16;Gabriel;Gabriel;1103;11421;2024-07-17 23:30:02;2024-07-17 23:30:02
167;933166;Fuso principal TD16;Gabriel;Gabriel;1103;11421;2024-07-17 23:30:02;2024-07-17 23:30:02
168;933167;Fuso principal TD16;Gabriel;Gabriel;1103;11421;2024-07-17 23:30:02;2024-07-17 23:30:02
169;933168;Fuso principal TD36;Gabriel;Gabriel;1103;11421;2024-07-17 23:30:02;2024-07-17 23:30:02
170;933169;Fuso principal TD36;Gabriel;Gabriel;1103;11421;2024-07-17 23:30:02;2024-07-17 23:30:02
171;933170;Fuso principal TD36;Gabriel;Gabriel;1103;11421;2024-07-17 23:30:02;2024-07-17 23:30:02
172;933171;Fuso principal TD36;Gabriel;Gabriel;1103;11421;2024-07-17 23:30:02;2024-07-17 23:30:02
173;933172;Fuso principal TD36;Gabriel;Gabriel;1103;11421;2024-07-17 23:30:02;2024-07-17 23:30:02
174;933173;Fuso principal TD36;Gabriel;Gabriel;1103;11421;2024-07-17 23:30:02;2024-07-17 23:30:02
175;933174;Fuso principal TDF26;Gabriel;Gabriel;1103;11421;2024-07-17 23:30:02;2024-07-17 23:30:02
176;933175;Fuso principal TDF26;Gabriel;Gabriel;1103;11421;2024-07-17 23:30:02;2024-07-17 23:30:02
177;933176;Fuso principal TDF26;Gabriel;Gabriel;1103;11421;2024-07-17 23:30:02;2024-07-17 23:30:02
178;933177;UEBS Protecao corredica;Gabriel;Gabriel;1103;11421;2024-07-17 23:30:02;2024-07-17 23:30:02
179;933178;Protecao corredica s/ caixa cambio;Gabriel;Gabriel;1103;11421;2024-07-17 23:30:02;2024-07-17 23:30:02
180;933179;Protecao corredica c/ caixa cambio;Gabriel;Gabriel;1103;11421;2024-07-17 23:30:02;2024-07-17 23:30:02
181;933180;UEBS Acionamento principal;Gabriel;Gabriel;1103;11421;2024-07-17 23:30:02;2024-07-17 23:30:02
182;933181;UEBS Plaquetas etiquetas;Gabriel;Gabriel;1103;11421;2024-07-17 23:30:02;2024-07-17 23:30:02
183;933182;Plaquetas TD26 Portugues;Gabriel;Gabriel;1103;11421;2024-07-17 23:30:02;2024-07-17 23:30:02
184;933183;Plaquetas TD26 Alemao;Gabriel;Gabriel;1103;11421;2024-07-17 23:30:02;2024-07-17 23:30:02
185;933184;Plaquetas TD26 Ingles;Gabriel;Gabriel;1103;11421;2024-07-17 23:30:02;2024-07-17 23:30:02
186;933185;Plaquetas TD26 Espanhol;Gabriel;Gabriel;1103;11421;2024-07-17 23:30:02;2024-07-17 23:30:02
187;933186;Plaquetas TD16 Portugues;Gabriel;Gabriel;1103;11421;2024-07-17 23:30:02;2024-07-17 23:30:02
188;933187;Plaquetas TD16 Alemao;Gabriel;Gabriel;1103;11421;2024-07-17 23:30:02;2024-07-17 23:30:02
189;933188;Plaquetas TD16 Ingles;Gabriel;Gabriel;1103;11421;2024-07-17 23:30:02;2024-07-17 23:30:02
190;933189;Plaquetas TD16 Espanhol;Gabriel;Gabriel;1103;11421;2024-07-17 23:30:02;2024-07-17 23:30:02
191;933190;Plaquetas TD36 Portugues;Gabriel;Gabriel;1103;11421;2024-07-17 23:30:02;2024-07-17 23:30:02
192;933191;Plaquetas TD36 Alemao;Gabriel;Gabriel;1103;11421;2024-07-17 23:30:02;2024-07-17 23:30:02
193;933192;Plaquetas TD36 Ingles;Gabriel;Gabriel;1103;11421;2024-07-17 23:30:02;2024-07-17 23:30:02
194;933193;Plaquetas TD36 Espanhol;Gabriel;Gabriel;1103;11421;2024-07-17 23:30:02;2024-07-17 23:30:02
195;933194;Plaquetas TDF26 Portugues;Gabriel;Gabriel;1103;11421;2024-07-17 23:30:02;2024-07-17 23:30:02
196;933195;Plaquetas TDF26 Alemao;Gabriel;Gabriel;1103;11421;2024-07-17 23:30:02;2024-07-17 23:30:02
197;933196;Plaquetas TDF26 Ingles;Gabriel;Gabriel;1103;11421;2024-07-17 23:30:02;2024-07-17 23:30:02
198;933197;Plaquetas TDF26 Espanhol;Gabriel;Gabriel;1103;11421;2024-07-17 23:30:02;2024-07-17 23:30:02
199;933198;Painel de comando CPL;Gabriel;Gabriel;1103;11425;2024-07-17 23:30:02;2024-07-17 23:30:02
200;933199;UEBS Sujeicao CPL;Gustavo;Gustavo;1103;11418;2024-07-17 23:30:02;2024-07-17 23:30:02
201;933200;UEBS Avanco CPL;Gustavo;Gustavo;1103;11418;2024-07-17 23:30:02;2024-07-17 23:30:02
202;933201;UEBS Contra ponta/Revolver;Gustavo;Gustavo;1103;11418;2024-07-17 23:30:02;2024-07-17 23:30:02
203;933202;UEBS Plaquetas e etiquetas;Gustavo;Gustavo;1103;11418;2024-07-17 23:30:02;2024-07-17 23:30:02
204;933203;Plaquetas portugues 50 Hz;Gustavo;Gustavo;1103;11418;2024-07-17 23:30:02;2024-07-17 23:30:02
205;933204;Plaquetas alemao 50 Hz;Gustavo;Gustavo;1103;11418;2024-07-17 23:30:02;2024-07-17 23:30:02
206;933205;Plaquetas portugues 60 Hz;Gustavo;Gustavo;1103;11418;2024-07-17 23:30:02;2024-07-17 23:30:02
207;933206;Plaquetas alemao 60 Hz;Gustavo;Gustavo;1103;11418;2024-07-17 23:30:02;2024-07-17 23:30:02
208;933207;UEBS Cabecote CPL;Gustavo;Gustavo;1103;11418;2024-07-17 23:30:02;2024-07-17 23:30:02
209;933208;Cabecote 50 Hz;Gustavo;Gustavo;1103;11418;2024-07-17 23:30:02;2024-07-17 23:30:02
210;933209;Cabecote 60 Hz;Gustavo;Gustavo;1103;11418;2024-07-17 23:30:02;2024-07-17 23:30:02
211;933210;Tubo de reducao D22;Gustavo;Vicente;1103;11437;2024-07-17 23:30:02;2024-07-17 23:30:02
212;933211;UEBS Plaquetas e etiquetas;Gustavo;Gustavo;1103;11433;2024-07-17 23:30:02;2024-07-17 23:30:02
213;933212;Plaquetas portugues TB42 ;Gustavo;Gustavo;1103;11433;2024-07-17 23:30:02;2024-07-17 23:30:02
214;933213;Plaquetas portugues TBF 42;Gustavo;Gustavo;1103;11433;2024-07-17 23:30:02;2024-07-17 23:30:02
215;933214;Plaquetas portugues TB 60;Gustavo;Gustavo;1103;11433;2024-07-17 23:30:02;2024-07-17 23:30:02
216;933215;Plaqueta portugues TBH 60;Gustavo;Gustavo;1103;11433;2024-07-17 23:30:02;2024-07-17 23:30:02
217;933216;Plaquetas portugues TBH 80;Gustavo;Gustavo;1103;11433;2024-07-17 23:30:02;2024-07-17 23:30:02
218;933217;Plaquetas alemao TB 42;Gustavo;Gustavo;1103;11433;2024-07-17 23:30:02;2024-07-17 23:30:02
219;933218;Plaquetas alemao TBF 42;Gustavo;Gustavo;1103;11433;2024-07-17 23:30:02;2024-07-17 23:30:02
220;933219;Plaquetas alemao TB 60;Gustavo;Gustavo;1103;11433;2024-07-17 23:30:02;2024-07-17 23:30:02
221;933220;Plaquetas alemao TBH 60;Gustavo;Gustavo;1103;11433;2024-07-17 23:30:02;2024-07-17 23:30:02
222;933221;Plaquetas alemao TBH 80;Gustavo;Gustavo;1103;11433;2024-07-17 23:30:02;2024-07-17 23:30:02
223;933222;Plaquetas ingles TB 42;Gustavo;Gustavo;1103;11433;2024-07-17 23:30:02;2024-07-17 23:30:02
224;933223;Plaquetas ingles TBF 42;Gustavo;Gustavo;1103;11433;2024-07-17 23:30:02;2024-07-17 23:30:02
225;933224;Plaquetas ingles TB 60;Gustavo;Gustavo;1103;11433;2024-07-17 23:30:02;2024-07-17 23:30:02
226;933225;Plaquetas ingles TBH 60;Gustavo;Gustavo;1103;11433;2024-07-17 23:30:02;2024-07-17 23:30:02
227;933226;Plaquetas ingles TBH 80;Gustavo;Gustavo;1103;11433;2024-07-17 23:30:02;2024-07-17 23:30:02
228;933227;Plaquetas espanhol TB 42;Gustavo;Gustavo;1103;11433;2024-07-17 23:30:02;2024-07-17 23:30:02
229;933228;Plaquetas espanhol TBF 42;Gustavo;Gustavo;1103;11433;2024-07-17 23:30:02;2024-07-17 23:30:02
230;933229;Plaqueta espanhol TB 60;Gustavo;Gustavo;1103;11433;2024-07-17 23:30:02;2024-07-17 23:30:02
231;933230;Plaqueta espanhol TBH 60;Gustavo;Gustavo;1103;11433;2024-07-17 23:30:02;2024-07-17 23:30:02
232;933231;Plaqueta espanhol TBH 80;Gustavo;Gustavo;1103;11433;2024-07-17 23:30:02;2024-07-17 23:30:02
233;933232;Plaqueta portugues TB 30;Gustavo;Gustavo;1103;11433;2024-07-17 23:30:02;2024-07-17 23:30:02
234;933233;Plaqueta portugues TBH 30;Gustavo;Gustavo;1103;11433;2024-07-17 23:30:02;2024-07-17 23:30:02
235;933234;Plaqueta alemao TB 30;Gustavo;Gustavo;1103;11433;2024-07-17 23:30:02;2024-07-17 23:30:02
236;933235;Plaqueta alemao TBH 30;Gustavo;Gustavo;1103;11433;2024-07-17 23:30:02;2024-07-17 23:30:02
237;933236;Plaqueta ingles TB 30;Gustavo;Gustavo;1103;11433;2024-07-17 23:30:02;2024-07-17 23:30:02
238;933237;Plaqueta ingles TBH 30;Gustavo;Gustavo;1103;11433;2024-07-17 23:30:02;2024-07-17 23:30:02
239;933238;Plaqueta espanhol TB 30;Gustavo;Gustavo;1103;11433;2024-07-17 23:30:02;2024-07-17 23:30:02
240;933239;Plaqueta espanhol TBH 30;Gustavo;Gustavo;1103;11433;2024-07-17 23:30:02;2024-07-17 23:30:02
241;933240;UEBS Refrigeracao;Gustavo;Gustavo;1103;11433;2024-07-17 23:30:02;2024-07-17 23:30:02
242;933241;Refrigeracao GRUNDFOS MTA/50 Hz;Gustavo;Gustavo;1103;11433;2024-07-17 23:30:02;2024-07-17 23:30:02
243;933242;Refrigeracao TEXIUS 60 Hz;Gustavo;Gustavo;1103;11433;2024-07-17 23:30:02;2024-07-17 23:30:02
244;933243;Refrigeracao GRUNDFOS/MTA-90 60 Hz;Gustavo;Gustavo;1103;11433;2024-07-17 23:30:02;2024-07-17 23:30:02
245;933244;Refrigeracao GRUNDFOS/MTA-3-180 60 Hz;Gustavo;Gustavo;1103;11433;2024-07-17 23:30:02;2024-07-17 23:30:02
246;933245;Fuso TB-30/Sujeicao mecanica;Gustavo;Gustavo;1103;11433;2024-07-17 23:30:02;2024-07-17 23:30:02
247;933246;Fuso TB-42/Sujeicao mecanica;Gustavo;Gustavo;1103;11433;2024-07-17 23:30:02;2024-07-17 23:30:02
248;933247;Fuso TB-60/Sujeicao mecanica;Gustavo;Gustavo;1103;11433;2024-07-17 23:30:02;2024-07-17 23:30:02
249;933248;Fuso TB-80/Sujeicao mecanica;Gustavo;Gustavo;1103;11433;2024-07-17 23:30:02;2024-07-17 23:30:02
250;933249;UEBS Lubrificacao central;Gustavo;Gustavo;1103;11442;2024-07-17 23:30:02;2024-07-17 23:30:02
251;933250;Lubrificacao central TD-SRV/LEV 50 Hz;Gustavo;Gustavo;1103;11442;2024-07-17 23:30:02;2024-07-17 23:30:02
252;933251;Lubrificacao central TD-SRV/LEV 60 Hz;Gustavo;Gustavo;1103;11442;2024-07-17 23:30:02;2024-07-17 23:30:02
253;933252;Lubrificacao central LEV/BP 50 Hz;Gustavo;Gustavo;1103;11442;2024-07-17 23:30:02;2024-07-17 23:30:02
254;933253;Lubrificacao central LEV/BP 60 Hz;Gustavo;Gustavo;1103;11442;2024-07-17 23:30:02;2024-07-17 23:30:02
255;933254;Lubrificacao centralizada 50 Hz;Gustavo;Gustavo;1103;11442;2024-07-17 23:30:02;2024-07-17 23:30:02
256;933255;Lubrificacao centralizada 60 Hz;Gustavo;Gustavo;1103;11442;2024-07-17 23:30:02;2024-07-17 23:30:02
257;933256;Tampa do painel;Gabriel;Gabriel;1103;11425;2024-07-17 23:30:02;2024-07-17 23:30:02
258;933257;Caixa painel;Gabriel;Gabriel;1103;11425;2024-07-17 23:30:02;2024-07-17 23:30:02
259;933258;Fuso TB-30/Sujeicao mat.mecanica;Gustavo;Gustavo;1103;11433;2024-07-17 23:30:02;2024-07-17 23:30:02
260;933259;Fuso TB-42/Sujeicao mat.mecanica;Gustavo;Gustavo;1103;11433;2024-07-17 23:30:02;2024-07-17 23:30:02
261;933260;Fuso TB-60/Sujeicao mat.mecanica;Gustavo;Gustavo;1103;11433;2024-07-17 23:30:02;2024-07-17 23:30:02
262;933261;Fuso TB-80/Sujeicao mat.mecanica;Gustavo;Gustavo;1103;11433;2024-07-17 23:30:02;2024-07-17 23:30:02
263;933262;Fuso TB-30/Sujeicao pneumatica;Gustavo;Gustavo;1103;11433;2024-07-17 23:30:02;2024-07-17 23:30:02
264;933263;Fuso TB-42/Sujeicao pneumatica;Gustavo;Gustavo;1103;11433;2024-07-17 23:30:02;2024-07-17 23:30:02
265;933264;Fuso TB-60/Sujeicao pneumatica;Gustavo;Gustavo;1103;11433;2024-07-17 23:30:02;2024-07-17 23:30:02
266;933265;Fuso TB-80/Sujeicao pneumatica;Gustavo;Gustavo;1103;11433;2024-07-17 23:30:02;2024-07-17 23:30:02
267;933266;Hidraulico CPL 60 Hz;Gustavo;Gustavo;1103;11433;2024-07-17 23:30:02;2024-07-17 23:30:02
268;933267;Hidraulico CPL 50 Hz;Gustavo;Gustavo;1103;11433;2024-07-17 23:30:02;2024-07-17 23:30:02
269;933268;Fuso TBF42 CPL;Gustavo;Gustavo;1103;11433;2024-07-17 23:30:02;2024-07-17 23:30:02
270;933269;Fuso TBF42 CPL;Gustavo;Gustavo;1103;11433;2024-07-17 23:30:02;2024-07-17 23:30:02
271;933270;Fuso TBH 60 CPL;Gustavo;Gustavo;1103;11433;2024-07-17 23:30:02;2024-07-17 23:30:02
272;933271;Fuso TBH 60 CPL;Gustavo;Gustavo;1103;11433;2024-07-17 23:30:02;2024-07-17 23:30:02
273;933272;Fuso TBH 80 CPL;Gustavo;Gustavo;1103;11433;2024-07-17 23:30:02;2024-07-17 23:30:02
274;933273;Fuso TBH 80 CPL;Gustavo;Gustavo;1103;11433;2024-07-17 23:30:02;2024-07-17 23:30:02
275;933274;UEBS Fuso principal CPL;Gustavo;Gustavo;1103;11433;2024-07-17 23:30:02;2024-07-17 23:30:02
276;933275;UEBS Cobertura corredica;Gustavo;Gustavo;1103;11433;2024-07-17 23:30:02;2024-07-17 23:30:02
277;933276;Cobertura corredica TB/TBE-V2 c/cx cambio;Gustavo;Gustavo;1103;11433;2024-07-17 23:30:02;2024-07-17 23:30:02
278;933277;Cobertura corredica TB/TBE-V2 s/cx cambio;Gustavo;Gustavo;1103;11433;2024-07-17 23:30:02;2024-07-17 23:30:02
279;933278;Cobertura corredica TBF/H-V2 c/cx cambio;Gustavo;Gustavo;1103;11433;2024-07-17 23:30:02;2024-07-17 23:30:02
280;933279;Cobertura corredica TBF/H-V2 s/cx cambio;Gustavo;Gustavo;1103;11433;2024-07-17 23:30:02;2024-07-17 23:30:02
281;933280;Trilho;Gustavo;Gustavo;1103;11433;2024-07-17 23:30:02;2024-07-17 23:30:02
282;933281;Tubo de reducao D22;Gustavo;Gustavo;1103;11451;2024-07-17 23:30:02;2024-07-17 23:30:02
283;933282;Mecanismo de avanco CPL;Gabriel;Gabriel;1103;11454;2024-07-17 23:30:02;2024-07-17 23:30:02
284;933283;Suporte motor usinado;Gabriel;Gabriel;1103;11454;2024-07-17 23:30:02;2024-07-17 23:30:02
285;933284;Suporte motor bruto;Gabriel;Gabriel;1103;11454;2024-07-17 23:30:02;2024-07-17 23:30:02
286;933285;Polia dentada Z18;Gabriel;Gabriel;1103;11454;2024-07-17 23:30:02;2024-07-17 23:30:02
287;933286;UEBS Mecanismo de avanco;Gabriel;Gabriel;1103;11454;2024-07-17 23:30:02;2024-07-17 23:30:02
288;933287;Cobertura motor;Gabriel;Gabriel;1103;11454;2024-07-17 23:30:02;2024-07-17 23:30:02
289;933288;Comutador de comando cpl;Gustavo;Alexandre;1103;11454;2024-07-17 23:30:02;2024-07-17 23:30:02
290;933289;Caixa de pecas;Lucas;Lucas;1103;11463;2024-07-17 23:30:02;2024-07-17 23:30:02
291;933290;Disp. separacao pcs CPL;Lucas;Lucas;1103;11463;2024-07-17 23:30:02;2024-07-17 23:30:02
292;933291;Cobertura retrabalhada atuador;Gustavo;Gustavo;1103;11471;2024-07-17 23:30:02;2024-07-17 23:30:02
293;933292;Cobertura retrabalhada chave;Gustavo;Gustavo;1103;11471;2024-07-17 23:30:02;2024-07-17 23:30:02
294;933293;UEBS Alimentador barra servo acionado A15;Gustavo;Gustavo;1103;11475;2024-07-17 23:30:02;2024-07-17 23:30:02
295;933294;UEBS Alimentador barra servo acionado A25;Gustavo;Gustavo;1103;11475;2024-07-17 23:30:02;2024-07-17 23:30:02
296;933295;Alimentador de barra servo acionado A15;Gustavo;Gustavo;1103;11475;2024-07-17 23:30:02;2024-07-17 23:30:02
297;933296;Alimentador de barra servo acionado A15;Gustavo;Gustavo;1103;11475;2024-07-17 23:30:02;2024-07-17 23:30:02
298;933297;Alimentador de barra servo acionado A25;Gustavo;Gustavo;1103;11475;2024-07-17 23:30:02;2024-07-17 23:30:02
299;933298;Alimentador de barra servo acionado A25;Gustavo;Gustavo;1103;11475;2024-07-17 23:30:02;2024-07-17 23:30:02
300;933299;Chapa;Gustavo;Gustavo;1103;11484;2024-07-17 23:30:02;2024-07-17 23:30:02
301;933300;Trilho;Gabriel;Gabriel;1103;11495;2024-07-17 23:30:02;2024-07-17 23:30:02
302;933301;Trilho;Gabriel;Gabriel;1103;11495;2024-07-17 23:30:02;2024-07-17 23:30:02
303;933302;Armario eletrico;Gustavo;Gustavo;1103;11496;2024-07-17 23:30:02;2024-07-17 23:30:02
304;933303;UEBS Fuso principal;Gustavo;Gustavo;1103;11497;2024-07-17 23:30:02;2024-07-17 23:30:02
305;933304;Fuso 42 Suj. mecanica;Gustavo;Gustavo;1103;11497;2024-07-17 23:30:02;2024-07-17 23:30:02
306;933305;Fuso 60 Suj. mecanica;Gustavo;Gustavo;1103;11497;2024-07-17 23:30:02;2024-07-17 23:30:02
307;933306;Fuso 80 Suj. mecanica;Gustavo;Gustavo;1103;11497;2024-07-17 23:30:02;2024-07-17 23:30:02
308;933307;Fuso 30 Suj. mecanica;Gustavo;Gustavo;1103;11497;2024-07-17 23:30:02;2024-07-17 23:30:02
309;933308;Fuso 42 Suj. mat.mecanica;Gustavo;Gustavo;1103;11497;2024-07-17 23:30:02;2024-07-17 23:30:02
310;933309;Fuso 60 Suj. mat.mecanica;Gustavo;Gustavo;1103;11497;2024-07-17 23:30:02;2024-07-17 23:30:02
311;933310;Fuso 80 Suj. mat. mecanica;Gustavo;Gustavo;1103;11497;2024-07-17 23:30:02;2024-07-17 23:30:02
312;933311;Fuso 30 Suj. mat.mecanica;Gustavo;Gustavo;1103;11497;2024-07-17 23:30:02;2024-07-17 23:30:02
313;933312;Fuso 42 Suj. pneumatica;Gustavo;Gustavo;1103;11497;2024-07-17 23:30:02;2024-07-17 23:30:02
314;933313;Fuso 60 Suj. pneumatica ;Gustavo;Gustavo;1103;11497;2024-07-17 23:30:02;2024-07-17 23:30:02
315;933314;Fuso 80 Suj. pneumatica;Gustavo;Gustavo;1103;11497;2024-07-17 23:30:02;2024-07-17 23:30:02
316;933315;Fuso 30 Suj. pneumatica;Gustavo;Gustavo;1103;11497;2024-07-17 23:30:02;2024-07-17 23:30:02
317;933316;Hidraulico CPL 60 Hz;Gustavo;Gustavo;1103;11497;2024-07-17 23:30:02;2024-07-17 23:30:02
318;933317;Hidraulico CPL 50 Hz;Gustavo;Gustavo;1103;11497;2024-07-17 23:30:02;2024-07-17 23:30:02
319;933318;Fuso 42 TBF CPL;Gustavo;Gustavo;1103;11497;2024-07-17 23:30:02;2024-07-17 23:30:02
320;933319;Fuso 42 TBF CPL;Gustavo;Gustavo;1103;11497;2024-07-17 23:30:02;2024-07-17 23:30:02
321;933320;Fuso TBE 60 CPL;Gustavo;Gustavo;1103;11497;2024-07-17 23:30:02;2024-07-17 23:30:02
322;933321;Fuso TBE 60 CPL;Gustavo;Gustavo;1103;11497;2024-07-17 23:30:02;2024-07-17 23:30:02
323;933322;Fuso TBH 80 CPL;Gustavo;Gustavo;1103;11497;2024-07-17 23:30:02;2024-07-17 23:30:02
324;933323;Fuso TBH 80 CPL;Gustavo;Gustavo;1103;11497;2024-07-17 23:30:02;2024-07-17 23:30:02
325;933324;Bucha;Gabriel;Vicente;1103;99999;2024-07-17 23:30:02;2024-07-17 23:30:02
326;933325;Tubo;Gabriel;Vicente;1103;99999;2024-07-17 23:30:02;2024-07-17 23:30:02
327;933326;Comutador com 2SP CPL;Gabriel;Gabriel;1103;11501;2024-07-17 23:30:02;2024-07-17 23:30:02
328;933327;Suporte comutador;Gabriel;Gabriel;1103;11501;2024-07-17 23:30:02;2024-07-17 23:30:02
329;933328;Carcaca retrabalhada;Gabriel;Gabriel;1103;11501;2024-07-17 23:30:02;2024-07-17 23:30:02
330;933329;Cobertura retrabalhada;Gabriel;Gabriel;1103;11501;2024-07-17 23:30:02;2024-07-17 23:30:02
331;933330;UEBS Refrigeracao;Gustavo;Gustavo;1103;11497;2024-07-17 23:30:02;2024-07-17 23:30:02
332;933331;Refrigeracao GRUNDFOS MTA 50 Hz;Gustavo;Gustavo;1103;11497;2024-07-17 23:30:02;2024-07-17 23:30:02
333;933332;Refrigeracao TEXIUS 60 Hz;Gustavo;Gustavo;1103;11497;2024-07-17 23:30:02;2024-07-17 23:30:02
334;933333;Refrigeracao GRUNDFOS MTA-90 60 Hz;Gustavo;Gustavo;1103;11497;2024-07-17 23:30:02;2024-07-17 23:30:02
335;933334;Refrigeracao GRUNDFOS MTA-3-180 60 Hz;Gustavo;Gustavo;1103;11497;2024-07-17 23:30:02;2024-07-17 23:30:02
336;933335;UEBS Plaquetas e etiquetas;Gustavo;Gustavo;1103;11497;2024-07-17 23:30:02;2024-07-17 23:30:02
337;933336;Plaqueta portugues TB 42;Gustavo;Gustavo;1103;11497;2024-07-17 23:30:02;2024-07-17 23:30:02
338;933337;Plaqueta portugues TBF 42;Gustavo;Gustavo;1103;11497;2024-07-17 23:30:02;2024-07-17 23:30:02
339;933338;Plaqueta alemao TB42;Gustavo;Gustavo;1103;11497;2024-07-17 23:30:02;2024-07-17 23:30:02
340;933339;Plaqueta alemao TBF 42;Gustavo;Gustavo;1103;11497;2024-07-17 23:30:02;2024-07-17 23:30:02
341;933340;Plaqueta ingles TB 42;Gustavo;Gustavo;1103;11497;2024-07-17 23:30:02;2024-07-17 23:30:02
342;933341;Plaqueta ingles TBF 42;Gustavo;Gustavo;1103;11497;2024-07-17 23:30:02;2024-07-17 23:30:02
343;933342;Plaqueta espanhol TB 42;Gustavo;Gustavo;1103;11497;2024-07-17 23:30:02;2024-07-17 23:30:02
344;933343;Plaqueta espanhol TBF 42;Gustavo;Gustavo;1103;11497;2024-07-17 23:30:02;2024-07-17 23:30:02
345;933344;Plaqueta portugues TB 60;Gustavo;Gustavo;1103;11497;2024-07-17 23:30:02;2024-07-17 23:30:02
346;933345;Plaqueta portugues TBH 60;Gustavo;Gustavo;1103;11497;2024-07-17 23:30:02;2024-07-17 23:30:02
347;933346;Plaqueta alemao TB 60;Gustavo;Gustavo;1103;11497;2024-07-17 23:30:02;2024-07-17 23:30:02
348;933347;Plaqueta alemao TBH 60;Gustavo;Gustavo;1103;11497;2024-07-17 23:30:02;2024-07-17 23:30:02
349;933348;Plaqueta ingles TB 60;Gustavo;Gustavo;1103;11497;2024-07-17 23:30:02;2024-07-17 23:30:02
350;933349;Plaqueta ingles TBH 60;Gustavo;Gustavo;1103;11497;2024-07-17 23:30:02;2024-07-17 23:30:02
351;933350;Plaqueta espanhol TB 60;Gustavo;Gustavo;1103;11497;2024-07-17 23:30:02;2024-07-17 23:30:02
352;933351;Plaqueta espanhol TBH 60;Gustavo;Gustavo;1103;11497;2024-07-17 23:30:02;2024-07-17 23:30:02
353;933352;Plaqueta portugues TB 80;Gustavo;Gustavo;1103;11497;2024-07-17 23:30:02;2024-07-17 23:30:02
354;933353;Plaqueta portugues TBH 80;Gustavo;Gustavo;1103;11497;2024-07-17 23:30:02;2024-07-17 23:30:02
355;933354;Plaqueta alemao TB 80;Gustavo;Gustavo;1103;11497;2024-07-17 23:30:02;2024-07-17 23:30:02
356;933355;Plaqueta alemao TBH 80;Gustavo;Gustavo;1103;11497;2024-07-17 23:30:02;2024-07-17 23:30:02
357;933356;Plaqueta ingles TB 80;Gustavo;Gustavo;1103;11497;2024-07-17 23:30:02;2024-07-17 23:30:02
358;933357;Plaqueta ingles TBH 80;Gustavo;Gustavo;1103;11497;2024-07-17 23:30:02;2024-07-17 23:30:02
359;933358;Plaqueta espanhol TB 80;Gustavo;Gustavo;1103;11497;2024-07-17 23:30:02;2024-07-17 23:30:02
360;933359;Plaqueta espanhol TBH 80;Gustavo;Gustavo;1103;11497;2024-07-17 23:30:02;2024-07-17 23:30:02
361;933360;P-A Exaustao de nevoa;Gabriel;Gabriel;1103;11504;2024-07-17 23:30:02;2024-07-17 23:30:02
362;933361;Acrilico retrabalhado;Gabriel;Gabriel;1103;11504;2024-07-17 23:30:02;2024-07-17 23:30:02
363;933362;Etiqueta de identificacao TB30 E;Gustavo;Gustavo;1103;11497;2024-07-17 23:30:02;2024-07-17 23:30:02
364;933363;Plaquetas portugues TB 30;Gustavo;Gustavo;1103;11497;2024-07-17 23:30:02;2024-07-17 23:30:02
365;933364;Plaquetas alemao TB 30;Gustavo;Gustavo;1103;11497;2024-07-17 23:30:02;2024-07-17 23:30:02
366;933365;Plaquetas ingles TB 30;Gustavo;Gustavo;1103;11497;2024-07-17 23:30:02;2024-07-17 23:30:02
367;933366;Plaquetas espanhol TB 30;Gustavo;Gustavo;1103;11497;2024-07-17 23:30:02;2024-07-17 23:30:02
368;933367;UEBS Cobertura corredica;Gustavo;Gustavo;1103;11497;2024-07-17 23:30:02;2024-07-17 23:30:02
369;933368;Cobertura CPL TB e TB_E;Gustavo;Gustavo;1103;11497;2024-07-17 23:30:02;2024-07-17 23:30:02
370;933369;Cobertura CPL TBF;Gustavo;Gustavo;1103;11497;2024-07-17 23:30:02;2024-07-17 23:30:02
371;933370;Polia V fuso;Gabriel;Gabriel;1103;11509;2024-07-17 23:30:02;2024-07-17 23:30:02
372;933371;Plaqueta rotac es;Gabriel;Gabriel;1103;11509;2024-07-17 23:30:02;2024-07-17 23:30:02
373;933372;Mecanismo avanco CPL;Gabriel;Gabriel;1103;11533;2024-07-17 23:30:02;2024-07-17 23:30:02
374;933373;Suporte motor;Gabriel;Gabriel;1103;11533;2024-07-17 23:30:02;2024-07-17 23:30:02
375;933374;Polia dentada Z17;Gabriel;Gabriel;1103;11533;2024-07-17 23:30:02;2024-07-17 23:30:02
376;933375;Transportador cavacos CPL;Gabriel;Gabriel;1103;11545;2024-07-17 23:30:02;2024-07-17 23:30:02
377;933376;Base retrabalhada;Gabriel;Gabriel;1103;11545;2024-07-17 23:30:02;2024-07-17 23:30:02
378;933377;Transportador de cavacos;Gabriel;Gabriel;1103;11545;2024-07-17 23:30:02;2024-07-17 23:30:02
379;933378;Filtro CPL;Gabriel;Gabriel;1103;11545;2024-07-17 23:30:02;2024-07-17 23:30:02
380;933379;Tampa;Gabriel;Gabriel;1103;11545;2024-07-17 23:30:02;2024-07-17 23:30:02
381;933380;Tubo soldado;Gabriel;Gabriel;1103;11545;2024-07-17 23:30:02;2024-07-17 23:30:02
382;933381;Tubo;Gabriel;Gabriel;1103;11545;2024-07-17 23:30:02;2024-07-17 23:30:02
383;933382;Tampa;Gabriel;Gabriel;1103;11545;2024-07-17 23:30:02;2024-07-17 23:30:02
384;933383;Chapa arremate;Gabriel;Gabriel;1103;11545;2024-07-17 23:30:02;2024-07-17 23:30:02
385;933384;Transportador de cavacos 50Hz CPL;Gabriel;Gabriel;1103;11545;2024-07-17 23:30:02;2024-07-17 23:30:02
386;933385;Transportador de cavacos 50Hz;Gabriel;Gabriel;1103;11545;2024-07-17 23:30:02;2024-07-17 23:30:02
387;933386;UEBS Transportador de cavacos;Gabriel;Gabriel;1103;11545;2024-07-17 23:30:02;2024-07-17 23:30:02
388;933387;Calha traseira retrabalho;Gustavo;Gustavo;1103;11548;2024-07-17 23:30:02;2024-07-17 23:30:02
389;933388;Calha frontal retrabalho;Gustavo;Gustavo;1103;11548;2024-07-17 23:30:02;2024-07-17 23:30:02
390;933389;UEBS Lubrificacao cpl;Gustavo;Gustavo;1103;11547;2024-07-17 23:30:02;2024-07-17 23:30:02
391;933390;Lubrificacao central SRV/LEV 60 Hz;Gustavo;Gustavo;1103;11547;2024-07-17 23:30:02;2024-07-17 23:30:02
392;933391;Lubrificacao central SRV/LEV 50 Hz;Gustavo;Gustavo;1103;11547;2024-07-17 23:30:02;2024-07-17 23:30:02
393;933392;Lubrificacao central C/LEV/Contra ponta 60 Hz;Gustavo;Gustavo;1103;11547;2024-07-17 23:30:02;2024-07-17 23:30:02
394;933393;Lubrificacao central C/LEV/Contra ponta 50 Hz;Gustavo;Gustavo;1103;11547;2024-07-17 23:30:02;2024-07-17 23:30:02
395;933394;Tampa;Denilson;Denilson;1103;11557;2024-07-17 23:30:02;2024-07-17 23:30:02
396;933395;Tampa;Denilson;Denilson;1103;11557;2024-07-17 23:30:02;2024-07-17 23:30:02
397;933396;Tampa p/ rasgo base;Robson;Robson;1103;11561;2024-07-17 23:30:02;2024-07-17 23:30:02
398;933397;Tubo usinado;Gabriel;Gabriel;1103;11451;2024-07-17 23:30:02;2024-07-17 23:30:02
399;933398;Tubo;Gabriel;Gabriel;1103;11451;2024-07-17 23:30:02;2024-07-17 23:30:02
400;933399;Chapa;Gabriel;Gabriel;1103;11528;2024-07-17 23:30:02;2024-07-17 23:30:02
401;933400;Suporte do motor;Denilson;Denilson;1103;11557;2024-07-17 23:30:02;2024-07-17 23:30:02
402;933401;Plaqueta;Gabriel;Gabriel;1103;11578;2024-07-17 23:30:02;2024-07-17 23:30:02
403;933402;Suporte do Motor Montado;Denilson;Denilson;1103;11557;2024-07-17 23:30:02;2024-07-17 23:30:02
404;933403;Lubrificacao central CPL;Gabriel;Gabriel;1103;11583;2024-07-17 23:30:02;2024-07-17 23:30:02
405;933404;Lubrificacao centralizada;Gabriel;Gabriel;1103;11583;2024-07-17 23:30:02;2024-07-17 23:30:02
406;933405;PARAFUSO M8X100 DIN933;Denilson;Denilson;1103;11584;2024-07-17 23:30:02;2024-07-17 23:30:02
407;933406;Sarrafo;Denilson;Denilson;1103;11614;2024-07-17 23:30:02;2024-07-17 23:30:02
408;933407;Caibro;Denilson;Denilson;1103;11614;2024-07-17 23:30:02;2024-07-17 23:30:02
409;933408;Viga;Denilson;Denilson;1103;11614;2024-07-17 23:30:02;2024-07-17 23:30:02
410;933409;Sarrafo;Denilson;Denilson;1103;11614;2024-07-17 23:30:02;2024-07-17 23:30:02
411;933410;Viga;Denilson;Denilson;1103;11614;2024-07-17 23:30:02;2024-07-17 23:30:02
412;933411;Tabua;Denilson;Denilson;1103;11614;2024-07-17 23:30:02;2024-07-17 23:30:02
413;933412;Sarrafo;Denilson;Denilson;1103;11614;2024-07-17 23:30:02;2024-07-17 23:30:02
414;933413;Sarrafo;Denilson;Denilson;1103;11614;2024-07-17 23:30:02;2024-07-17 23:30:02
415;933414;Viga;Denilson;Denilson;1103;11614;2024-07-17 23:30:02;2024-07-17 23:30:02
416;933415;Sarrafo;Denilson;Denilson;1103;11614;2024-07-17 23:30:02;2024-07-17 23:30:02
417;933416;Tabua;Denilson;Denilson;1103;11614;2024-07-17 23:30:02;2024-07-17 23:30:02
418;933417;Tabua;Denilson;Denilson;1103;11614;2024-07-17 23:30:02;2024-07-17 23:30:02
419;933418;Sistema acionamento CPL;Gabriel;Gabriel;1103;11727;2024-07-17 23:30:02;2024-07-17 23:30:02
420;933419;Flange bruta;Gabriel;Gabriel;1103;11727;2024-07-17 23:30:02;2024-07-17 23:30:02
421;933420;Flange motor;Gabriel;Gabriel;1103;11727;2024-07-17 23:30:02;2024-07-17 23:30:02
422;933421;Roda dentada;Gabriel;Gabriel;1103;11727;2024-07-17 23:30:02;2024-07-17 23:30:02
423;933422;Bucha adaptacao;Gabriel;Gabriel;1103;11727;2024-07-17 23:30:02;2024-07-17 23:30:02
424;933423;Suporte cobertura;Gabriel;Gabriel;1103;11727;2024-07-17 23:30:02;2024-07-17 23:30:02
425;933424;Cobertura;Gabriel;Gabriel;1103;11727;2024-07-17 23:30:02;2024-07-17 23:30:02
426;933425;P-A Pecas cobertura;Gabriel;Gabriel;1103;11729;2024-07-17 23:30:02;2024-07-17 23:30:02
427;933426;Suporte caixa;Gabriel;Gabriel;1103;11729;2024-07-17 23:30:02;2024-07-17 23:30:02
428;933427;Caixa botoeira;Gabriel;Gabriel;1103;11729;2024-07-17 23:30:02;2024-07-17 23:30:02
429;933428;Bomba lubrificacao;Gabriel;Gabriel;1103;11734;2024-07-17 23:30:02;2024-07-17 23:30:02
430;933429;Distribuidor 3 dosadores;Gabriel;Gabriel;1103;11734;2024-07-17 23:30:02;2024-07-17 23:30:02
431;933430;Distribuidor 4 dosadores;Gabriel;Gabriel;1103;11734;2024-07-17 23:30:02;2024-07-17 23:30:02
432;933431;Distribuidor 2 dosadores;Gabriel;Gabriel;1103;11734;2024-07-17 23:30:02;2024-07-17 23:30:02
433;933432;Lubrificacao SEHI CPL;Gabriel;Gabriel;1103;11735;2024-07-17 23:30:02;2024-07-17 23:30:02
434;933433;Cantoneira trilho;Gabriel;Gabriel;1103;11744;2024-07-17 23:30:02;2024-07-17 23:30:02
435;933434;Cobertura corredica;Gabriel;Gabriel;1103;11744;2024-07-17 23:30:02;2024-07-17 23:30:02
436;933435;Painel de comando CPL;Gabriel;Gabriel;1103;11749;2024-07-17 23:30:02;2024-07-17 23:30:02
437;933436;Suporte inclinado;Gabriel;Gabriel;1103;11749;2024-07-17 23:30:02;2024-07-17 23:30:02
438;933437;Calco;Gabriel;Gabriel;1103;11749;2024-07-17 23:30:02;2024-07-17 23:30:02
439;933438;Caixa painel;Gabriel;Gabriel;1103;11749;2024-07-17 23:30:02;2024-07-17 23:30:02
440;933439;Magazine alimentador de barras STEADY;Gabriel;Gabriel;1103;11754;2024-07-17 23:30:02;2024-07-17 23:30:02
441;933440;P-A Alimentador STEADY;Gabriel;Gabriel;1103;11754;2024-07-17 23:30:02;2024-07-17 23:30:02
442;933441;Empurrador de barras D14 CPL;Gabriel;Gabriel;1103;11754;2024-07-17 23:30:02;2024-07-17 23:30:02
443;933442;Ponta rotativa D16 CPL;Gabriel;Gabriel;1103;11754;2024-07-17 23:30:02;2024-07-17 23:30:02
444;933443;P-A Alimentador STEADY;Gabriel;Gabriel;1103;11770;2024-07-17 23:30:02;2024-07-17 23:30:02
445;933444;Tampa fuso;Gabriel;Gabriel;1103;11770;2024-07-17 23:30:02;2024-07-17 23:30:02
446;933445;Planta A25 + STEADY;Gabriel;Gabriel;1103;11770;2024-07-17 23:30:02;2024-07-17 23:30:02
447;933446;Etiqueta para correios 107x150mm entre linhas 3mm;Gustavo;Tadeu;1103;11783;2024-07-17 23:30:02;2024-07-17 23:30:02
448;933447;Suporte Usinado;Israel ;Gabriel;1103;11907;2024-07-17 23:30:02;2024-07-17 23:30:02
449;933448;Suporte Soldado;Israel ;Gabriel;1103;11907;2024-07-17 23:30:02;2024-07-17 23:30:02
450;933449;Chapa;Israel ;Gabriel;1103;11907;2024-07-17 23:30:02;2024-07-17 23:30:02
451;933450;Chapa;Israel ;Gabriel;1103;11907;2024-07-17 23:30:02;2024-07-17 23:30:02
452;933451;Chapa ;Israel ;Gabriel;1103;11907;2024-07-17 23:30:02;2024-07-17 23:30:02
453;933452;Planta A25 Serv. Acio.;Gustavo;Gustavo;1103;11922;2024-07-17 23:30:02;2024-07-17 23:30:02
454;933453;SAE 1020 L RED. D-58mm;Gustavo;Raphael;1103;11941;2024-07-17 23:30:02;2024-07-17 23:30:02
455;933454;Sistema acionamento CPL;Israel;Gabriel;1103;11959;2024-07-17 23:30:02;2024-07-17 23:30:02
456;933455;Suporte longitudinal Usinado;Israel;Gabriel;1103;11959;2024-07-17 23:30:02;2024-07-17 23:30:02
457;933456;Suporte longitudinal;Israel;Gabriel;1103;11959;2024-07-17 23:30:02;2024-07-17 23:30:02
458;933457;Suporte cobertura;Israel;Gabriel;1103;11959;2024-07-17 23:30:02;2024-07-17 23:30:02
459;933458;Cobertura;Israel;Gabriel;1103;11959;2024-07-17 23:30:02;2024-07-17 23:30:02
460;933459;Painel comando CPL;Gabriel;Gabriel;1103;11983;2024-07-17 23:30:02;2024-07-17 23:30:02
461;933460;Chapa do console;Israel;Gabriel;1103;11989;2024-07-17 23:30:02;2024-07-17 23:30:02
462;933461;Tubo de reducao para o fuso principal;Israel;Vicente F. Silva;1103;12000;2024-07-17 23:30:02;2024-07-17 23:30:02
463;933462;Tubo de descarga para GLE ;Israel;Vicente F. Silva;1103;12000;2024-07-17 23:30:02;2024-07-17 23:30:02
464;933463;Planta A25E + BOSS 338;Gabriel;Gabriel;1103;12012;2024-07-17 23:30:02;2024-07-17 23:30:02
465;933464;Tubo descarga;Gabriel;Gabriel;1103;12013;2024-07-17 23:30:02;2024-07-17 23:30:02
466;933465;Tubo;Gabriel;Gabriel;1103;12013;2024-07-17 23:30:02;2024-07-17 23:30:02
467;933466;BUcha;Gabriel;Gabriel;1103;12013;2024-07-17 23:30:02;2024-07-17 23:30:02
468;933467;Tubo de reducao D15 CPL;Gabriel;Gabriel;1103;12013;2024-07-17 23:30:02;2024-07-17 23:30:02
469;933468;Tubo;Gabriel;Gabriel;1103;12013;2024-07-17 23:30:02;2024-07-17 23:30:02
470;933469;Bucha;Gabriel;Gabriel;1103;12013;2024-07-17 23:30:02;2024-07-17 23:30:02
471;933470;Cobertura GLE;Gabriel;Gabriel;1103;12025;2024-07-17 23:30:02;2024-07-17 23:30:02
472;933471;Tampa;Gabriel;Gabriel;1103;12025;2024-07-17 23:30:02;2024-07-17 23:30:02
473;933472;Cobertura inferior;Gabriel;Gabriel;1103;12025;2024-07-17 23:30:02;2024-07-17 23:30:02
474;933473;Cobertura;Gabriel;Gabriel;1103;12025;2024-07-17 23:30:02;2024-07-17 23:30:02
475;933474;Cantoneira;Gabriel;Gabriel;1103;12025;2024-07-17 23:30:02;2024-07-17 23:30:02
476;933475;Suporte Bruto;Juan;Juan;1103;12041;2024-07-17 23:30:02;2024-07-17 23:30:02
477;933476;Disp. furar transversal CPL;Gabriel;Gabriel;1103;12045;2024-07-17 23:30:02;2024-07-17 23:30:02
478;933477;"Carcaca; HALB.";Gabriel;Gabriel;1103;12045;2024-07-17 23:30:02;2024-07-17 23:30:02
479;933478;"Bucha; HALB.";Gabriel;Gabriel;1103;12045;2024-07-17 23:30:02;2024-07-17 23:30:02
480;933479;"Fuso; HALB.";Gabriel;Gabriel;1103;12045;2024-07-17 23:30:02;2024-07-17 23:30:02
481;933480;"Bucha traseira; HALB.";Gabriel;Gabriel;1103;12045;2024-07-17 23:30:02;2024-07-17 23:30:02
482;933481;"Tampa; HALB.";Gabriel;Gabriel;1103;12045;2024-07-17 23:30:02;2024-07-17 23:30:02
483;933482;"Anel retentor (VEDABRAS/R5 - 24x32x4); ROH.";Gabriel;Gabriel;1103;12045;2024-07-17 23:30:02;2024-07-17 23:30:02
484;933483;"Anel retentor (VEDABRAS/R5 - 20x30x4,5); ROH.";Gabriel;Gabriel;1103;12045;2024-07-17 23:30:02;2024-07-17 23:30:02
485;933484;Bucha;Gabriel;Gabriel;1103;12045;2024-07-17 23:30:02;2024-07-17 23:30:02
486;933485;Painel comando CPL;Gabriel;Gabriel;1103;12046;2024-07-17 23:30:02;2024-07-17 23:30:02
487;933486;"Suporte tubular; HALB.";Gabriel;Gabriel;1103;12046;2024-07-17 23:30:02;2024-07-17 23:30:02
488;933487;"Bucha; HALB.";Gabriel;Gabriel;1103;12046;2024-07-17 23:30:02;2024-07-17 23:30:02
489;933488;"Tubo; HALB.";Gabriel;Gabriel;1103;12046;2024-07-17 23:30:02;2024-07-17 23:30:02
490;933489;"Tubo; HALB.";Gabriel;Gabriel;1103;12046;2024-07-17 23:30:02;2024-07-17 23:30:02
491;933490;"Chapa; HALB.";Gabriel;Gabriel;1103;12046;2024-07-17 23:30:02;2024-07-17 23:30:02
492;933491;"Chapa; HALB.";Gabriel;Gabriel;1103;12046;2024-07-17 23:30:02;2024-07-17 23:30:02
493;933492;"Caixa painel; HALB.";Gabriel;Gabriel;1103;12046;2024-07-17 23:30:02;2024-07-17 23:30:02
494;933493;"Tampa traseira; HALB.";Gabriel;Gabriel;1103;12046;2024-07-17 23:30:02;2024-07-17 23:30:02
495;933494;"Tampa chave; HALB.";Gabriel;Gabriel;1103;12046;2024-07-17 23:30:02;2024-07-17 23:30:02
496;933495;Painel comando CPL;Gabriel;Gabriel;1103;12049;2024-07-17 23:30:02;2024-07-17 23:30:02
497;933496;Armario eletrico retrabalhado;Gabriel;Gabriel;1103;12049;2024-07-17 23:30:02;2024-07-17 23:30:02
498;933497;Tampa painel;Gabriel;Gabriel;1103;12049;2024-07-17 23:30:02;2024-07-17 23:30:02
499;933498;Tampa;Gabriel;Gabriel;1103;12049;2024-07-17 23:30:02;2024-07-17 23:30:02
500;933499;Painel comando inferior;Gabriel;Gabriel;1103;12049;2024-07-17 23:30:02;2024-07-17 23:30:02
501;933500;Sistema acionamento CPL;Gabriel;Gabriel;1103;12052;2024-07-17 23:30:02;2024-07-17 23:30:02
502;933501;"Bracadeira esquerda; HALB.";Gabriel;Gabriel;1103;12052;2024-07-17 23:30:02;2024-07-17 23:30:02
503;933502;"Bracadeira direita; HALB.";Gabriel;Gabriel;1103;12052;2024-07-17 23:30:02;2024-07-17 23:30:02
504;933503;"Suporte vertical; HALB.";Gabriel;Gabriel;1103;12052;2024-07-17 23:30:02;2024-07-17 23:30:02
505;933504;"Suporte motor usinado; HALB.";Gabriel;Gabriel;1103;12052;2024-07-17 23:30:02;2024-07-17 23:30:02
506;933505;"Suporte motor bruto; HALB.";Gabriel;Gabriel;1103;12052;2024-07-17 23:30:02;2024-07-17 23:30:02
507;933506;"Chapa limitadora; HALB.";Gabriel;Gabriel;1103;12052;2024-07-17 23:30:02;2024-07-17 23:30:02
508;933507;"Suporte cobertura; HALB.";Gabriel;Gabriel;1103;12052;2024-07-17 23:30:02;2024-07-17 23:30:02
