936000;UEBS TBC Next;Gabriel;Gabriel;1103;11939;2024-07-17 23:30:02;2024-07-17 23:30:02
936001;Campo de trabalho TBC Next;Gabriel;Gabriel;1103;11939;2024-07-17 23:30:02;2024-07-17 23:30:02
936002;Planta TBC Next;Gabriel;Gabriel;1103;11939;2024-07-17 23:30:02;2024-07-17 23:30:02
936003;UEBS Base;Gabriel;Gabriel;1103;11939;2024-07-17 23:30:02;2024-07-17 23:30:02
936004;UEBS Árvore principal;Gabriel;Gabriel;1103;11939;2024-07-17 23:30:02;2024-07-17 23:30:02
936005;UEBS Carro X1;Gabriel;Gabriel;1103;11939;2024-07-17 23:30:02;2024-07-17 23:30:02
936006;UEBS Carro Z1;Gabriel;Gabriel;1103;11939;2024-07-17 23:30:02;2024-07-17 23:30:02
936007;UEBS Revólver X1/Z1;Gabriel;Gabriel;1103;11939;2024-07-17 23:30:02;2024-07-17 23:30:02
936008;UEBS Contra fuso;Gabriel;Gabriel;1103;11939;2024-07-17 23:30:02;2024-07-17 23:30:02
936009;UEBS Carro Z2;Gabriel;Gabriel;1103;11939;2024-07-17 23:30:02;2024-07-17 23:30:02
936010;UEBS Carro X2;Gabriel;Gabriel;1103;11939;2024-07-17 23:30:02;2024-07-17 23:30:02
936011;UEBS Revólver X2/Y2/Z2;Gabriel;Gabriel;1103;11939;2024-07-17 23:30:02;2024-07-17 23:30:02
936012;UEBS Coberturas externas;Gabriel;Gabriel;1103;11939;2024-07-17 23:30:02;2024-07-17 23:30:02
936013;UEBS Coberturas internas X2/Z2;Gabriel;Gabriel;1103;11939;2024-07-17 23:30:02;2024-07-17 23:30:02
936014;UEBS Porta principal;Gabriel;Gabriel;1103;11939;2024-07-17 23:30:02;2024-07-17 23:30:02
936015;UEBS Vertical;Gabriel;Gabriel;1103;11939;2024-07-17 23:30:02;2024-07-17 23:30:02
936016;UEBS Calha de peças;Gabriel;Gabriel;1103;11939;2024-07-17 23:30:02;2024-07-17 23:30:02
936017;UEBS Transportador;Gabriel;Gabriel;1103;11939;2024-07-17 23:30:02;2024-07-17 23:30:02
936018;UEBS Hidráulico;Gabriel;Gabriel;1103;11939;2024-07-17 23:30:02;2024-07-17 23:30:02
936019;UEBS Lubrificação;Gabriel;Gabriel;1103;11939;2024-07-17 23:30:02;2024-07-17 23:30:02
936020;UEBS Refrigeração;Gabriel;Gabriel;1103;11939;2024-07-17 23:30:02;2024-07-17 23:30:02
936021;UEBS Plaquetas etiquetas;Gabriel;Gabriel;1103;11939;2024-07-17 23:30:02;2024-07-17 23:30:02
936022;UEBS Acessórios;Gabriel;Gabriel;1103;11939;2024-07-17 23:30:02;2024-07-17 23:30:02
936023;UEBS Dispositivos opcionais;Gabriel;Gabriel;1103;11939;2024-07-17 23:30:02;2024-07-17 23:30:02
936024;Cobertura principal CPL;Gabriel;Gabriel;1103;11961;2024-07-17 23:30:02;2024-07-17 23:30:02
936025;Parede divisória CPL;Gabriel;Gabriel;1103;11961;2024-07-17 23:30:02;2024-07-17 23:30:02
936026;Parede divisória;Gabriel;Gabriel;1103;11961;2024-07-17 23:30:02;2024-07-17 23:30:02
936027;Arremate;Gabriel;Gabriel;1103;11961;2024-07-17 23:30:02;2024-07-17 23:30:02
936028;Arremate;Gabriel;Gabriel;1103;11961;2024-07-17 23:30:02;2024-07-17 23:30:02
936029;"Cobertura soldada; HALB.";Gabriel;Gabriel;1103;11961;2024-07-17 23:30:02;2024-07-17 23:30:02
936030;"Travessa; HALB.";Gabriel;Gabriel;1103;11961;2024-07-17 23:30:02;2024-07-17 23:30:02
936031;"Travessa; HALB.";Gabriel;Gabriel;1103;11961;2024-07-17 23:30:02;2024-07-17 23:30:02
936032;"Travessa; HALB.";Gabriel;Gabriel;1103;11961;2024-07-17 23:30:02;2024-07-17 23:30:02
936033;"Travessa; HALB.";Gabriel;Gabriel;1103;11961;2024-07-17 23:30:02;2024-07-17 23:30:02
936034;"Travessa; HALB.";Gabriel;Gabriel;1103;11961;2024-07-17 23:30:02;2024-07-17 23:30:02
936035;"Travessa; HALB.";Gabriel;Gabriel;1103;11961;2024-07-17 23:30:02;2024-07-17 23:30:02
936036;"Travessa; HALB.";Gabriel;Gabriel;1103;11961;2024-07-17 23:30:02;2024-07-17 23:30:02
936037;"Travessa; HALB.";Gabriel;Gabriel;1103;11961;2024-07-17 23:30:02;2024-07-17 23:30:02
936038;"Travessa; HALB.";Gabriel;Gabriel;1103;11961;2024-07-17 23:30:02;2024-07-17 23:30:02
936039;"Travessa; HALB.";Gabriel;Gabriel;1103;11961;2024-07-17 23:30:02;2024-07-17 23:30:02
936040;"Travessa; HALB.";Gabriel;Gabriel;1103;11961;2024-07-17 23:30:02;2024-07-17 23:30:02
936041;"Travessa; HALB.";Gabriel;Gabriel;1103;11961;2024-07-17 23:30:02;2024-07-17 23:30:02
936042;"Travessa; HALB.";Gabriel;Gabriel;1103;11961;2024-07-17 23:30:02;2024-07-17 23:30:02
936043;"Travessa; HALB.";Gabriel;Gabriel;1103;11961;2024-07-17 23:30:02;2024-07-17 23:30:02
936044;"Travessa; HALB.";Gabriel;Gabriel;1103;11961;2024-07-17 23:30:02;2024-07-17 23:30:02
936045;"Travessa; HALB.";Gabriel;Gabriel;1103;11961;2024-07-17 23:30:02;2024-07-17 23:30:02
936046;"Travessa; HALB.";Gabriel;Gabriel;1103;11961;2024-07-17 23:30:02;2024-07-17 23:30:02
936047;"Travessa; HALB.";Gabriel;Gabriel;1103;11961;2024-07-17 23:30:02;2024-07-17 23:30:02
936048;"Travessa; HALB.";Gabriel;Gabriel;1103;11961;2024-07-17 23:30:02;2024-07-17 23:30:02
936049;"Travessa; HALB.";Gabriel;Gabriel;1103;11961;2024-07-17 23:30:02;2024-07-17 23:30:02
936050;"Chapa lateral; HALB.";Gabriel;Gabriel;1103;11961;2024-07-17 23:30:02;2024-07-17 23:30:02
936051;"Chapa lateral; HALB.";Gabriel;Gabriel;1103;11961;2024-07-17 23:30:02;2024-07-17 23:30:02
936052;"Chapa lateral; HALB.";Gabriel;Gabriel;1103;11961;2024-07-17 23:30:02;2024-07-17 23:30:02
936053;"Parede divisória soldada; HALB.";Gabriel;Gabriel;1103;11961;2024-07-17 23:30:02;2024-07-17 23:30:02
936054;"Chapa frontal interna; HALB.";Gabriel;Gabriel;1103;11961;2024-07-17 23:30:02;2024-07-17 23:30:02
936055;"Chapa lateral; HALB.";Gabriel;Gabriel;1103;11961;2024-07-17 23:30:02;2024-07-17 23:30:02
936056;"Chapa lateral; HALB.";Gabriel;Gabriel;1103;11961;2024-07-17 23:30:02;2024-07-17 23:30:02
936057;"Chapa lateral; HALB.";Gabriel;Gabriel;1103;11961;2024-07-17 23:30:02;2024-07-17 23:30:02
936058;"Chapa lateral; HALB.";Gabriel;Gabriel;1103;11961;2024-07-17 23:30:02;2024-07-17 23:30:02
936059;"Chapa lateral; HALB.";Gabriel;Gabriel;1103;11961;2024-07-17 23:30:02;2024-07-17 23:30:02
936060;"Chapa mancal; HALB.";Gabriel;Gabriel;1103;11961;2024-07-17 23:30:02;2024-07-17 23:30:02
936061;"Chapa hidráulico; HALB.";Gabriel;Gabriel;1103;11961;2024-07-17 23:30:02;2024-07-17 23:30:02
936062;"Batente; HALB.";Gabriel;Gabriel;1103;11961;2024-07-17 23:30:02;2024-07-17 23:30:02
936063;"Chapa suporte interno; HALB.";Gabriel;Gabriel;1103;11961;2024-07-17 23:30:02;2024-07-17 23:30:02
936064;"Chapa inferior; HALB.";Gabriel;Gabriel;1103;11961;2024-07-17 23:30:02;2024-07-17 23:30:02
936065;"Chapa traseira; HALB.";Gabriel;Gabriel;1103;11961;2024-07-17 23:30:02;2024-07-17 23:30:02
936066;"Arremate inferior; HALB.";Gabriel;Gabriel;1103;11961;2024-07-17 23:30:02;2024-07-17 23:30:02
936067;"Arremate inferior; HALB.";Gabriel;Gabriel;1103;11961;2024-07-17 23:30:02;2024-07-17 23:30:02
936068;"Arremate inferior; HALB.";Gabriel;Gabriel;1103;11961;2024-07-17 23:30:02;2024-07-17 23:30:02
936069;"Arremate inferior; HALB.";Gabriel;Gabriel;1103;11961;2024-07-17 23:30:02;2024-07-17 23:30:02
936070;"Chapa superior; HALB.";Gabriel;Gabriel;1103;11961;2024-07-17 23:30:02;2024-07-17 23:30:02
936071;"Tira; HALB.";Gabriel;Gabriel;1103;11961;2024-07-17 23:30:02;2024-07-17 23:30:02
936072;"Tira; HALB.";Gabriel;Gabriel;1103;11961;2024-07-17 23:30:02;2024-07-17 23:30:02
936073;"Túnel cabos; HALB.";Gabriel;Gabriel;1103;11961;2024-07-17 23:30:02;2024-07-17 23:30:02
936074;"Chapa inferior; HALB.";Gabriel;Gabriel;1103;11961;2024-07-17 23:30:02;2024-07-17 23:30:02
936075;"Cobertura emassada; HALB.";Gabriel;Gabriel;1103;11961;2024-07-17 23:30:02;2024-07-17 23:30:02
936076;"Chapa frontal; HALB.";Gabriel;Gabriel;1103;11961;2024-07-17 23:30:02;2024-07-17 23:30:02
936077;"Túnel dianteiro; HALB.";Gabriel;Gabriel;1103;11961;2024-07-17 23:30:02;2024-07-17 23:30:02
936078;"Arremate porta; HALB.";Gabriel;Gabriel;1103;11961;2024-07-17 23:30:02;2024-07-17 23:30:02
936079;"Arremate porta; HALB.";Gabriel;Gabriel;1103;11961;2024-07-17 23:30:02;2024-07-17 23:30:02
936080;"Arremate porta; HALB.";Gabriel;Gabriel;1103;11961;2024-07-17 23:30:02;2024-07-17 23:30:02
936081;"Painel de comando CPL; HALB.";Gabriel;Gabriel;1103;11961;2024-07-17 23:30:02;2024-07-17 23:30:02
936082;"Painel de comando; HALB.";Gabriel;Gabriel;1103;11961;2024-07-17 23:30:02;2024-07-17 23:30:02
936083;"Tampa túnel; HALB.";Gabriel;Gabriel;1103;11961;2024-07-17 23:30:02;2024-07-17 23:30:02
936084;"Travessa base; HALB.";Gabriel;Gabriel;1103;11961;2024-07-17 23:30:02;2024-07-17 23:30:02
936085;"Travessa base; HALB.";Gabriel;Gabriel;1103;11961;2024-07-17 23:30:02;2024-07-17 23:30:02
936086;"Suporte dobradiça; HALB.";Gabriel;Gabriel;1103;11961;2024-07-17 23:30:02;2024-07-17 23:30:02
936087;"Suporte dobradiça; HALB.";Gabriel;Gabriel;1103;11961;2024-07-17 23:30:02;2024-07-17 23:30:02
936088;"Porta frontal; HALB.";Gabriel;Gabriel;1103;11961;2024-07-17 23:30:02;2024-07-17 23:30:02
936089;"Tampa lateral; HALB.";Gabriel;Gabriel;1103;11961;2024-07-17 23:30:02;2024-07-17 23:30:02
936090;"Tampa lateral; HALB.";Gabriel;Gabriel;1103;11961;2024-07-17 23:30:02;2024-07-17 23:30:02
936091;"Tampa lateral; HALB.";Gabriel;Gabriel;1103;11961;2024-07-17 23:30:02;2024-07-17 23:30:02
936092;"Tampa traseira; HALB.";Gabriel;Gabriel;1103;11961;2024-07-17 23:30:02;2024-07-17 23:30:02
936093;"Tampa lateral; HALB.";Gabriel;Gabriel;1103;11961;2024-07-17 23:30:02;2024-07-17 23:30:02
936094;"Tampa lateral; HALB.";Gabriel;Gabriel;1103;11961;2024-07-17 23:30:02;2024-07-17 23:30:02
936095;"Tampa superior; HALB.";Gabriel;Gabriel;1103;11961;2024-07-17 23:30:02;2024-07-17 23:30:02
936096;"Tampa base; HALB.";Gabriel;Gabriel;1103;11961;2024-07-17 23:30:02;2024-07-17 23:30:02
936097;Coberturas internas X2/Z2 CPL;Gabriel;Gabriel;1103;11963;2024-07-17 23:30:02;2024-07-17 23:30:02
936098;;Gabriel;Gabriel;1103;11963;2024-07-17 23:30:02;2024-07-17 23:30:02
936099;;Gabriel;Gabriel;1103;11963;2024-07-17 23:30:02;2024-07-17 23:30:02
936100;;Gabriel;Gabriel;1103;11963;2024-07-17 23:30:02;2024-07-17 23:30:02
936101;;Gabriel;Gabriel;1103;11963;2024-07-17 23:30:02;2024-07-17 23:30:02
936102;;Gabriel;Gabriel;1103;11963;2024-07-17 23:30:02;2024-07-17 23:30:02
936103;;Gabriel;Gabriel;1103;11963;2024-07-17 23:30:02;2024-07-17 23:30:02
936104;;Gabriel;Gabriel;1103;11963;2024-07-17 23:30:02;2024-07-17 23:30:02
936105;;Gabriel;Gabriel;1103;11963;2024-07-17 23:30:02;2024-07-17 23:30:02
936106;;Gabriel;Gabriel;1103;11963;2024-07-17 23:30:02;2024-07-17 23:30:02
936107;;Gabriel;Gabriel;1103;11963;2024-07-17 23:30:02;2024-07-17 23:30:02
936108;;Gabriel;Gabriel;1103;11963;2024-07-17 23:30:02;2024-07-17 23:30:02
936109;;Gabriel;Gabriel;1103;11963;2024-07-17 23:30:02;2024-07-17 23:30:02
936110;;Gabriel;Gabriel;1103;11963;2024-07-17 23:30:02;2024-07-17 23:30:02
936111;;Gabriel;Gabriel;1103;11963;2024-07-17 23:30:02;2024-07-17 23:30:02
936112;;Gabriel;Gabriel;1103;11963;2024-07-17 23:30:02;2024-07-17 23:30:02
936113;;Gabriel;Gabriel;1103;11963;2024-07-17 23:30:02;2024-07-17 23:30:02
936114;;Gabriel;Gabriel;1103;11963;2024-07-17 23:30:02;2024-07-17 23:30:02
936115;;Gabriel;Gabriel;1103;11963;2024-07-17 23:30:02;2024-07-17 23:30:02
936116;;Gabriel;Gabriel;1103;11963;2024-07-17 23:30:02;2024-07-17 23:30:02
936117;;Gabriel;Gabriel;1103;11963;2024-07-17 23:30:02;2024-07-17 23:30:02
936118;;Gabriel;Gabriel;1103;11963;2024-07-17 23:30:02;2024-07-17 23:30:02
936119;;Gabriel;Gabriel;1103;11963;2024-07-17 23:30:02;2024-07-17 23:30:02
936120;;Gabriel;Gabriel;1103;11963;2024-07-17 23:30:02;2024-07-17 23:30:02
936121;;Gabriel;Gabriel;1103;11963;2024-07-17 23:30:02;2024-07-17 23:30:02
936122;;Gabriel;Gabriel;1103;11963;2024-07-17 23:30:02;2024-07-17 23:30:02
936123;;Gabriel;Gabriel;1103;11963;2024-07-17 23:30:02;2024-07-17 23:30:02
936124;;Gabriel;Gabriel;1103;11963;2024-07-17 23:30:02;2024-07-17 23:30:02
936125;;Gabriel;Gabriel;1103;11963;2024-07-17 23:30:02;2024-07-17 23:30:02
936126;;Gabriel;Gabriel;1103;11963;2024-07-17 23:30:02;2024-07-17 23:30:02
936127;;Gabriel;Gabriel;1103;11963;2024-07-17 23:30:02;2024-07-17 23:30:02
936128;;Gabriel;Gabriel;1103;11963;2024-07-17 23:30:02;2024-07-17 23:30:02
936129;;Gabriel;Gabriel;1103;11963;2024-07-17 23:30:02;2024-07-17 23:30:02
936130;;Gabriel;Gabriel;1103;11963;2024-07-17 23:30:02;2024-07-17 23:30:02
936131;;Gabriel;Gabriel;1103;11963;2024-07-17 23:30:02;2024-07-17 23:30:02
936132;;Gabriel;Gabriel;1103;11963;2024-07-17 23:30:02;2024-07-17 23:30:02
936133;;Gabriel;Gabriel;1103;11963;2024-07-17 23:30:02;2024-07-17 23:30:02
936134;;Gabriel;Gabriel;1103;11963;2024-07-17 23:30:02;2024-07-17 23:30:02
936135;;Gabriel;Gabriel;1103;11963;2024-07-17 23:30:02;2024-07-17 23:30:02
936136;;Gabriel;Gabriel;1103;11963;2024-07-17 23:30:02;2024-07-17 23:30:02
936137;;Gabriel;Gabriel;1103;11963;2024-07-17 23:30:02;2024-07-17 23:30:02
936138;;Gabriel;Gabriel;1103;11963;2024-07-17 23:30:02;2024-07-17 23:30:02
936139;;Gabriel;Gabriel;1103;11963;2024-07-17 23:30:02;2024-07-17 23:30:02
936140;;Gabriel;Gabriel;1103;11963;2024-07-17 23:30:02;2024-07-17 23:30:02
936141;;Gabriel;Gabriel;1103;11963;2024-07-17 23:30:02;2024-07-17 23:30:02
936142;;Gabriel;Gabriel;1103;11963;2024-07-17 23:30:02;2024-07-17 23:30:02
936143;;Gabriel;Gabriel;1103;11963;2024-07-17 23:30:02;2024-07-17 23:30:02
936144;;Gabriel;Gabriel;1103;11963;2024-07-17 23:30:02;2024-07-17 23:30:02
936145;;Gabriel;Gabriel;1103;11963;2024-07-17 23:30:02;2024-07-17 23:30:02
936146;Porta principal CPL;Gabriel;Gabriel;1103;11964;2024-07-17 23:30:02;2024-07-17 23:30:02
936147;;Gabriel;Gabriel;1103;11964;2024-07-17 23:30:02;2024-07-17 23:30:02
936148;;Gabriel;Gabriel;1103;11964;2024-07-17 23:30:02;2024-07-17 23:30:02
936149;;Gabriel;Gabriel;1103;11964;2024-07-17 23:30:02;2024-07-17 23:30:02
936150;;Gabriel;Gabriel;1103;11964;2024-07-17 23:30:02;2024-07-17 23:30:02
936151;Carro Z1 CPL;Gabriel;Gabriel;1103;11965;2024-07-17 23:30:02;2024-07-17 23:30:02
936152;;Gabriel;Gabriel;1103;11965;2024-07-17 23:30:02;2024-07-17 23:30:02
936153;;Gabriel;Gabriel;1103;11965;2024-07-17 23:30:02;2024-07-17 23:30:02
936154;;Gabriel;Gabriel;1103;11965;2024-07-17 23:30:02;2024-07-17 23:30:02
936155;;Gabriel;Gabriel;1103;11965;2024-07-17 23:30:02;2024-07-17 23:30:02
936156;;Gabriel;Gabriel;1103;11965;2024-07-17 23:30:02;2024-07-17 23:30:02
936157;;Gabriel;Gabriel;1103;11965;2024-07-17 23:30:02;2024-07-17 23:30:02
936158;Carro X1 CPL;Gabriel;Gabriel;1103;11966;2024-07-17 23:30:02;2024-07-17 23:30:02
936159;;Gabriel;Gabriel;1103;11966;2024-07-17 23:30:02;2024-07-17 23:30:02
936160;;Gabriel;Gabriel;1103;11966;2024-07-17 23:30:02;2024-07-17 23:30:02
936161;;Gabriel;Gabriel;1103;11966;2024-07-17 23:30:02;2024-07-17 23:30:02
936162;;Gabriel;Gabriel;1103;11966;2024-07-17 23:30:02;2024-07-17 23:30:02
936163;;Gabriel;Gabriel;1103;11966;2024-07-17 23:30:02;2024-07-17 23:30:02
936164;;Gabriel;Gabriel;1103;11966;2024-07-17 23:30:02;2024-07-17 23:30:02
936165;;Gabriel;Gabriel;1103;11966;2024-07-17 23:30:02;2024-07-17 23:30:02
936166;;Gabriel;Gabriel;1103;11966;2024-07-17 23:30:02;2024-07-17 23:30:02
936167;;Gabriel;Gabriel;1103;11966;2024-07-17 23:30:02;2024-07-17 23:30:02
936168;;Gabriel;Gabriel;1103;11966;2024-07-17 23:30:02;2024-07-17 23:30:02
936169;;Gabriel;Gabriel;1103;11966;2024-07-17 23:30:02;2024-07-17 23:30:02
936170;;Gabriel;Gabriel;1103;11966;2024-07-17 23:30:02;2024-07-17 23:30:02
936171;;Gabriel;Gabriel;1103;11966;2024-07-17 23:30:02;2024-07-17 23:30:02
936172;;Gabriel;Gabriel;1103;11966;2024-07-17 23:30:02;2024-07-17 23:30:02
936173;;Gabriel;Gabriel;1103;11966;2024-07-17 23:30:02;2024-07-17 23:30:02
936174;;Gabriel;Gabriel;1103;11966;2024-07-17 23:30:02;2024-07-17 23:30:02
936175;;Gabriel;Gabriel;1103;11966;2024-07-17 23:30:02;2024-07-17 23:30:02
936176;;Gabriel;Gabriel;1103;11966;2024-07-17 23:30:02;2024-07-17 23:30:02
936177;;Gabriel;Gabriel;1103;11966;2024-07-17 23:30:02;2024-07-17 23:30:02
936178;;Gabriel;Gabriel;1103;11966;2024-07-17 23:30:02;2024-07-17 23:30:02
936179;;Gabriel;Gabriel;1103;11966;2024-07-17 23:30:02;2024-07-17 23:30:02
936180;;Gabriel;Gabriel;1103;11966;2024-07-17 23:30:02;2024-07-17 23:30:02
936181;;Gabriel;Gabriel;1103;11966;2024-07-17 23:30:02;2024-07-17 23:30:02
936182;;Gabriel;Gabriel;1103;11966;2024-07-17 23:30:02;2024-07-17 23:30:02
936183;Contra fuso CPL;Gabriel;Gabriel;1103;11967;2024-07-17 23:30:02;2024-07-17 23:30:02
936184;;Gabriel;Gabriel;1103;11967;2024-07-17 23:30:02;2024-07-17 23:30:02
936185;;Gabriel;Gabriel;1103;11967;2024-07-17 23:30:02;2024-07-17 23:30:02
936186;;Gabriel;Gabriel;1103;11967;2024-07-17 23:30:02;2024-07-17 23:30:02
936187;;Gabriel;Gabriel;1103;11967;2024-07-17 23:30:02;2024-07-17 23:30:02
936188;;Gabriel;Gabriel;1103;11967;2024-07-17 23:30:02;2024-07-17 23:30:02
936189;;Gabriel;Gabriel;1103;11967;2024-07-17 23:30:02;2024-07-17 23:30:02
936190;;Gabriel;Gabriel;1103;11967;2024-07-17 23:30:02;2024-07-17 23:30:02
936191;;Gabriel;Gabriel;1103;11967;2024-07-17 23:30:02;2024-07-17 23:30:02
936192;;Gabriel;Gabriel;1103;11967;2024-07-17 23:30:02;2024-07-17 23:30:02
936193;;Gabriel;Gabriel;1103;11967;2024-07-17 23:30:02;2024-07-17 23:30:02
936194;;Gabriel;Gabriel;1103;11967;2024-07-17 23:30:02;2024-07-17 23:30:02
936195;;Gabriel;Gabriel;1103;11967;2024-07-17 23:30:02;2024-07-17 23:30:02
936196;;Gabriel;Gabriel;1103;11967;2024-07-17 23:30:02;2024-07-17 23:30:02
936197;;Gabriel;Gabriel;1103;11967;2024-07-17 23:30:02;2024-07-17 23:30:02
936198;;Gabriel;Gabriel;1103;11967;2024-07-17 23:30:02;2024-07-17 23:30:02
936199;;Gabriel;Gabriel;1103;11967;2024-07-17 23:30:02;2024-07-17 23:30:02
936200;;Gabriel;Gabriel;1103;11967;2024-07-17 23:30:02;2024-07-17 23:30:02
936201;;Gabriel;Gabriel;1103;11967;2024-07-17 23:30:02;2024-07-17 23:30:02
936202;;Gabriel;Gabriel;1103;11967;2024-07-17 23:30:02;2024-07-17 23:30:02
936203;;Gabriel;Gabriel;1103;11967;2024-07-17 23:30:02;2024-07-17 23:30:02
936204;;Gabriel;Gabriel;1103;11967;2024-07-17 23:30:02;2024-07-17 23:30:02
936205;;Gabriel;Gabriel;1103;11967;2024-07-17 23:30:02;2024-07-17 23:30:02
936206;;Gabriel;Gabriel;1103;11967;2024-07-17 23:30:02;2024-07-17 23:30:02
936207;;Gabriel;Gabriel;1103;11967;2024-07-17 23:30:02;2024-07-17 23:30:02
936208;;Gabriel;Gabriel;1103;11967;2024-07-17 23:30:02;2024-07-17 23:30:02
936209;;Gabriel;Gabriel;1103;11967;2024-07-17 23:30:02;2024-07-17 23:30:02
936210;;Gabriel;Gabriel;1103;11967;2024-07-17 23:30:02;2024-07-17 23:30:02
936211;;Gabriel;Gabriel;1103;11967;2024-07-17 23:30:02;2024-07-17 23:30:02
936212;;Gabriel;Gabriel;1103;11967;2024-07-17 23:30:02;2024-07-17 23:30:02
936213;;Gabriel;Gabriel;1103;11967;2024-07-17 23:30:02;2024-07-17 23:30:02
936214;;Gabriel;Gabriel;1103;11967;2024-07-17 23:30:02;2024-07-17 23:30:02
936215;;Gabriel;Gabriel;1103;11967;2024-07-17 23:30:02;2024-07-17 23:30:02
936216;;Gabriel;Gabriel;1103;11967;2024-07-17 23:30:02;2024-07-17 23:30:02
936217;;Gabriel;Gabriel;1103;11967;2024-07-17 23:30:02;2024-07-17 23:30:02
936218;;Gabriel;Gabriel;1103;11967;2024-07-17 23:30:02;2024-07-17 23:30:02
936219;;Gabriel;Gabriel;1103;11967;2024-07-17 23:30:02;2024-07-17 23:30:02
936220;;Gabriel;Gabriel;1103;11967;2024-07-17 23:30:02;2024-07-17 23:30:02
936221;;Gabriel;Gabriel;1103;11967;2024-07-17 23:30:02;2024-07-17 23:30:02
936222;;Gabriel;Gabriel;1103;11967;2024-07-17 23:30:02;2024-07-17 23:30:02
936223;;Gabriel;Gabriel;1103;11967;2024-07-17 23:30:02;2024-07-17 23:30:02
936224;;Gabriel;Gabriel;1103;11967;2024-07-17 23:30:02;2024-07-17 23:30:02
936225;;Gabriel;Gabriel;1103;11967;2024-07-17 23:30:02;2024-07-17 23:30:02
936226;;Gabriel;Gabriel;1103;11967;2024-07-17 23:30:02;2024-07-17 23:30:02
936227;;Gabriel;Gabriel;1103;11967;2024-07-17 23:30:02;2024-07-17 23:30:02
936228;Carro Z2 CPL;Gabriel;Gabriel;1103;11970;2024-07-17 23:30:02;2024-07-17 23:30:02
936229;;Gabriel;Gabriel;1103;11970;2024-07-17 23:30:02;2024-07-17 23:30:02
936230;;Gabriel;Gabriel;1103;11970;2024-07-17 23:30:02;2024-07-17 23:30:02
936231;;Gabriel;Gabriel;1103;11970;2024-07-17 23:30:02;2024-07-17 23:30:02
936232;;Gabriel;Gabriel;1103;11970;2024-07-17 23:30:02;2024-07-17 23:30:02
936233;Carro X2 CPL;Gabriel;Gabriel;1103;11971;2024-07-17 23:30:02;2024-07-17 23:30:02
936234;;Gabriel;Gabriel;1103;11971;2024-07-17 23:30:02;2024-07-17 23:30:02
936235;;Gabriel;Gabriel;1103;11971;2024-07-17 23:30:02;2024-07-17 23:30:02
936236;;Gabriel;Gabriel;1103;11971;2024-07-17 23:30:02;2024-07-17 23:30:02
936237;;Gabriel;Gabriel;1103;11971;2024-07-17 23:30:02;2024-07-17 23:30:02
936238;;Gabriel;Gabriel;1103;11971;2024-07-17 23:30:02;2024-07-17 23:30:02
936239;;Gabriel;Gabriel;1103;11971;2024-07-17 23:30:02;2024-07-17 23:30:02
936240;;Gabriel;Gabriel;1103;11971;2024-07-17 23:30:02;2024-07-17 23:30:02
936241;;Gabriel;Gabriel;1103;11971;2024-07-17 23:30:02;2024-07-17 23:30:02
936242;;Gabriel;Gabriel;1103;11971;2024-07-17 23:30:02;2024-07-17 23:30:02
936243;;Gabriel;Gabriel;1103;11972;2024-07-17 23:30:02;2024-07-17 23:30:02
936244;;Gabriel;Gabriel;1103;11972;2024-07-17 23:30:02;2024-07-17 23:30:02
936245;;Gabriel;Gabriel;1103;11972;2024-07-17 23:30:02;2024-07-17 23:30:02
936246;;Gabriel;Gabriel;1103;11972;2024-07-17 23:30:02;2024-07-17 23:30:02
936247;;Gabriel;Gabriel;1103;11972;2024-07-17 23:30:02;2024-07-17 23:30:02
936248;;Gabriel;Gabriel;1103;11972;2024-07-17 23:30:02;2024-07-17 23:30:02
936249;Calha de peças CPL;Gabriel;Gabriel;1103;11973;2024-07-17 23:30:02;2024-07-17 23:30:02
936250;;Gabriel;Gabriel;1103;11973;2024-07-17 23:30:02;2024-07-17 23:30:02
936251;;Gabriel;Gabriel;1103;11973;2024-07-17 23:30:02;2024-07-17 23:30:02
936252;;Gabriel;Gabriel;1103;11973;2024-07-17 23:30:02;2024-07-17 23:30:02
936253;;Gabriel;Gabriel;1103;11973;2024-07-17 23:30:02;2024-07-17 23:30:02
936254;;Gabriel;Gabriel;1103;11973;2024-07-17 23:30:02;2024-07-17 23:30:02
936255;;Gabriel;Gabriel;1103;11973;2024-07-17 23:30:02;2024-07-17 23:30:02
936256;;Gabriel;Gabriel;1103;11973;2024-07-17 23:30:02;2024-07-17 23:30:02
936257;;Gabriel;Gabriel;1103;11973;2024-07-17 23:30:02;2024-07-17 23:30:02
936258;;Gabriel;Gabriel;1103;11973;2024-07-17 23:30:02;2024-07-17 23:30:02
936259;;Gabriel;Gabriel;1103;11973;2024-07-17 23:30:02;2024-07-17 23:30:02
936260;;Gabriel;Gabriel;1103;11973;2024-07-17 23:30:02;2024-07-17 23:30:02
936261;;Gabriel;Gabriel;1103;11973;2024-07-17 23:30:02;2024-07-17 23:30:02
936262;;Gabriel;Gabriel;1103;11973;2024-07-17 23:30:02;2024-07-17 23:30:02
936263;;Gabriel;Gabriel;1103;11973;2024-07-17 23:30:02;2024-07-17 23:30:02
936264;;Gabriel;Gabriel;1103;11973;2024-07-17 23:30:02;2024-07-17 23:30:02
936265;;Gabriel;Gabriel;1103;11973;2024-07-17 23:30:02;2024-07-17 23:30:02
936266;;Gabriel;Gabriel;1103;11973;2024-07-17 23:30:02;2024-07-17 23:30:02
936267;Conjunto guia THK;Gabriel;Gabriel;1103;11971;2024-07-17 23:30:02;2024-07-17 23:30:02
936268;Conjunto guia HIWIN;Gabriel;Gabriel;1103;11971;2024-07-17 23:30:02;2024-07-17 23:30:02
936269;Guia rolos X2B HIWIN;Gabriel;Gabriel;1103;11971;2024-07-17 23:30:02;2024-07-17 23:30:02
936270;Raspador THK;Gabriel;Gabriel;1103;11971;2024-07-17 23:30:02;2024-07-17 23:30:02
936271;Raspador HIWIN;Gabriel;Gabriel;1103;11971;2024-07-17 23:30:02;2024-07-17 23:30:02
936272;Base CPL;Gabriel;Gabriel;1103;11684;2024-07-17 23:30:02;2024-07-17 23:30:02
936273;Base usinada;Gabriel;Gabriel;1103;11684;2024-07-17 23:30:02;2024-07-17 23:30:02
936274;Distanciador SW10 M5x50;Gabriel;Gabriel;1103;11970;2024-07-17 23:30:02;2024-07-17 23:30:02
936275;"Transportador de cavacos 60Hz; HALB.";Gabriel;Gabriel;1103;12028;2024-07-17 23:30:02;2024-07-17 23:30:02
936276;"Transportador de cavacos 50Hz; HALB.";Gabriel;Gabriel;1103;12028;2024-07-17 23:30:02;2024-07-17 23:30:02
936277;"Transportador de cavacos 60Hz latão; HALB.";Gabriel;Gabriel;1103;12028;2024-07-17 23:30:02;2024-07-17 23:30:02
936278;"Transportador de cavacos 50Hz latão; HALB.";Gabriel;Gabriel;1103;12028;2024-07-17 23:30:02;2024-07-17 23:30:02
936279;Hidráulico REXROTH 60Hz CPL;Gabriel;Gabriel;1103;12035;2024-07-17 23:30:02;2024-07-17 23:30:02
936280;Hidráulico REXROTH 50Hz CPL;Gabriel;Gabriel;1103;12035;2024-07-17 23:30:02;2024-07-17 23:30:02
936281;Hidráulico básico REXROTH;Gabriel;Gabriel;1103;12035;2024-07-17 23:30:02;2024-07-17 23:30:02
936282;Chapa;Gabriel;Gabriel;1103;11972;2024-07-17 23:30:02;2024-07-17 23:30:02
936283;Chapa;Gabriel;Gabriel;1103;11972;2024-07-17 23:30:02;2024-07-17 23:30:02
936284;P-A Geometria CF;Gabriel;Gabriel;1103;11967;2024-07-17 23:30:02;2024-07-17 23:30:02
936285;Bloco geometria;Gabriel;Gabriel;1103;11967;2024-07-17 23:30:02;2024-07-17 23:30:02
936286;Flange;Gabriel;Gabriel;1103;11967;2024-07-17 23:30:02;2024-07-17 23:30:02
936287;Tubo sujeição;Gabriel;Gabriel;1103;11967;2024-07-17 23:30:02;2024-07-17 23:30:02
936288;Correia em V polyflex;Gabriel;Gabriel;1103;11967;2024-07-17 23:30:02;2024-07-17 23:30:02
936289;Polia V D-90;Gabriel;Gabriel;1103;12047;2024-07-17 23:30:02;2024-07-17 23:30:02
