1;932000;UEBS TBA;Gabriel;Gabriel;1103;10460;2024-07-17 23:30:02;2024-07-17 23:30:02
2;932001;Estrutura TBA;Gabriel;Gabriel;1103;10460;2024-07-17 23:30:02;2024-07-17 23:30:02
3;932002;Campo de trabalho;Gabriel;Gabriel;1103;10460;2024-07-17 23:30:02;2024-07-17 23:30:02
4;932003;Planta TBA;Gabriel;Gabriel;1103;10460;2024-07-17 23:30:02;2024-07-17 23:30:02
5;932004;Layout de plaquetas e etiquetas;Gabriel;Gabriel;1103;10460;2024-07-17 23:30:02;2024-07-17 23:30:02
6;932005;UEBS Árvore D42;Gabriel;Gabriel;1103;10460;2024-07-17 23:30:02;2024-07-17 23:30:02
7;932006;UEBS Árvore D60;Gabriel;Gabriel;1103;10460;2024-07-17 23:30:02;2024-07-17 23:30:02
8;932007;Base cpl;Gabriel;Gabriel;1103;10460;2024-07-17 23:30:02;2024-07-17 23:30:02
9;932008;UEBS Hidráulico ;Gabriel;Gabriel;1103;10460;2024-07-17 23:30:02;2024-07-17 23:30:02
10;932009;UEBS Refrigeração;Gabriel;Gabriel;1103;10460;2024-07-17 23:30:02;2024-07-17 23:30:02
11;932010;UEBS Lubrificação;Gabriel;Gabriel;1103;10460;2024-07-17 23:30:02;2024-07-17 23:30:02
12;932011;UEBS Coberturas internas;Gabriel;Gabriel;1103;10460;2024-07-17 23:30:02;2024-07-17 23:30:02
13;932012;UEBS Coberturas externas;Gabriel;Gabriel;1103;10460;2024-07-17 23:30:02;2024-07-17 23:30:02
14;932013;UEBS Revólver;Gabriel;Gabriel;1103;10460;2024-07-17 23:30:02;2024-07-17 23:30:02
15;932014;UEBS Transportador de cavacos;Gabriel;Gabriel;1103;10460;2024-07-17 23:30:02;2024-07-17 23:30:02
16;932015;Acessórios TBA;Gabriel;Gabriel;1103;10460;2024-07-17 23:30:02;2024-07-17 23:30:02
17;932016;Dispositivos opcionais;Gabriel;Gabriel;1103;10460;2024-07-17 23:30:02;2024-07-17 23:30:02
18;932017;Plaquetas de segurança;Gabriel;Gabriel;1103;10460;2024-07-17 23:30:02;2024-07-17 23:30:02
19;932018;UEBS Carro cruzado;Gabriel;Gabriel;1103;10460;2024-07-17 23:30:02;2024-07-17 23:30:02
20;932019;UEBS Suporte transversal;Gabriel;Gabriel;1103;10460;2024-07-17 23:30:02;2024-07-17 23:30:02
21;932020;UEBS Suporte verticais;Gabriel;Gabriel;1103;10460;2024-07-17 23:30:02;2024-07-17 23:30:02
22;932021;Revólver BARUFFALDI;Matheus;Matheus;1103;10439;2024-07-17 23:30:02;2024-07-17 23:30:02
23;932022;UEBS Fixação TBA-4;Gabriel;Gabriel;1103;10460;2024-07-17 23:30:02;2024-07-17 23:30:02
24;932023;Base soldada usinada;Fabio;Fabio;1103;10487;2024-07-17 23:30:02;2024-07-17 23:30:02
25;932024;Cabeçote usinado;Fabio;Fabio;1103;10493;2024-07-17 23:30:02;2024-07-17 23:30:02
26;932025;Cabeçote D65 cpl;Fabio;Fabio;1103;10493;2024-07-17 23:30:02;2024-07-17 23:30:02
27;932026;Suporte vertical cpl;Fabio;Fabio;1103;10554;2024-07-17 23:30:02;2024-07-17 23:30:02
28;932027;Suporte ferramentas verticais cpl;Fabio;Fabio;1103;10554;2024-07-17 23:30:02;2024-07-17 23:30:02
29;932028;Hidráulico báscio;Fabio;Fabio;1103;10578;2024-07-17 23:30:02;2024-07-17 23:30:02
30;932029;Refrigeração cpl;Fabio;Fabio;1103;10599;2024-07-17 23:30:02;2024-07-17 23:30:02
31;932030;UEBS Dispositivo separador de peças;Fabio;Fabio;1103;10600;2024-07-17 23:30:02;2024-07-17 23:30:02
32;932031;Separador de peças cpl;Fabio;Fabio;1103;10600;2024-07-17 23:30:02;2024-07-17 23:30:02
33;932032;RESERVADO;Fabio;Fabio;1103;0;2024-07-17 23:30:02;2024-07-17 23:30:02
34;932033;RESERVADO;Fabio;Fabio;1103;0;2024-07-17 23:30:02;2024-07-17 23:30:02
35;932034;RESERVADO;Fabio;Fabio;1103;0;2024-07-17 23:30:02;2024-07-17 23:30:02
36;932035;RESERVADO;Fabio;Fabio;1103;0;2024-07-17 23:30:02;2024-07-17 23:30:02
37;932036;RESERVADO;Fabio;Fabio;1103;0;2024-07-17 23:30:02;2024-07-17 23:30:02
38;932037;RESERVADO;Fabio;Fabio;1103;0;2024-07-17 23:30:02;2024-07-17 23:30:02
39;932038;RESERVADO;Fabio;Fabio;1103;0;2024-07-17 23:30:02;2024-07-17 23:30:02
40;932039;RESERVADO;Fabio;Fabio;1103;0;2024-07-17 23:30:02;2024-07-17 23:30:02
41;932040;RESERVADO;Fabio;Fabio;1103;0;2024-07-17 23:30:02;2024-07-17 23:30:02
42;932041;RESERVADO;Fabio;Fabio;1103;0;2024-07-17 23:30:02;2024-07-17 23:30:02
43;932042;RESERVADO;Fabio;Fabio;1103;0;2024-07-17 23:30:02;2024-07-17 23:30:02
44;932043;RESERVADO;Fabio;Fabio;1103;0;2024-07-17 23:30:02;2024-07-17 23:30:02
45;932044;RESERVADO;Fabio;Fabio;1103;0;2024-07-17 23:30:02;2024-07-17 23:30:02
46;932045;RESERVADO;Fabio;Fabio;1103;0;2024-07-17 23:30:02;2024-07-17 23:30:02
47;932046;RESERVADO;Fabio;Fabio;1103;0;2024-07-17 23:30:02;2024-07-17 23:30:02
48;932047;RESERVADO;Fabio;Fabio;1103;0;2024-07-17 23:30:02;2024-07-17 23:30:02
49;932048;RESERVADO;Fabio;Fabio;1103;0;2024-07-17 23:30:02;2024-07-17 23:30:02
50;932049;RESERVADO;Fabio;Fabio;1103;0;2024-07-17 23:30:02;2024-07-17 23:30:02
51;932050;Disp tornear polígonos;Gabriel;Gabriel;1103;10448;2024-07-17 23:30:02;2024-07-17 23:30:02
52;932051;Disp tornear polígonos CPL;Gabriel;Gabriel;1103;10448;2024-07-17 23:30:02;2024-07-17 23:30:02
53;932052;Caixa de engrenagens ;Gabriel;Gabriel;1103;10448;2024-07-17 23:30:02;2024-07-17 23:30:02
54;932053;Caixa de engrenagens bruta;Gabriel;Gabriel;1103;10448;2024-07-17 23:30:02;2024-07-17 23:30:02
55;932054;Papel de vedação;Gabriel;Gabriel;1103;10448;2024-07-17 23:30:02;2024-07-17 23:30:02
56;932055;Tampa;Gabriel;Gabriel;1103;10448;2024-07-17 23:30:02;2024-07-17 23:30:02
57;932056;Tampa superior;Gabriel;Gabriel;1103;10448;2024-07-17 23:30:02;2024-07-17 23:30:02
58;932057;P-A Pinça D65;Fabio;Fabio;1103;10493;2024-07-17 23:30:02;2024-07-17 23:30:02
59;932058;Flange;Fabio;Fabio;1103;10493;2024-07-17 23:30:02;2024-07-17 23:30:02
60;932059;Bucha da pinça;Fabio;Fabio;1103;10493;2024-07-17 23:30:02;2024-07-17 23:30:02
61;932060;Gerador de pulsos CPL;Gabriel;Gabriel;1103;10552;2024-07-17 23:30:02;2024-07-17 23:30:02
62;932061;Cobertura esquerda;Gabriel;Gabriel;1103;10552;2024-07-17 23:30:02;2024-07-17 23:30:02
63;932062;Cobertura gerador;Gabriel;Gabriel;1103;10552;2024-07-17 23:30:02;2024-07-17 23:30:02
64;932063;Bloco de fixação;Gabriel;Gabriel;1103;10552;2024-07-17 23:30:02;2024-07-17 23:30:02
65;932064;Placa suporte vertical;Fabio;Fabio;1103;10554;2024-07-17 23:30:02;2024-07-17 23:30:02
66;932065;Guia suporte vertical;Fabio;Fabio;1103;10554;2024-07-17 23:30:02;2024-07-17 23:30:02
67;932066;Raspador 01;Fabio;Fabio;1103;10554;2024-07-17 23:30:02;2024-07-17 23:30:02
68;932067;Suporte vertical;Fabio;Fabio;1103;10554;2024-07-17 23:30:02;2024-07-17 23:30:02
69;932068;LIVRE;VAZIO;VAZIO;1103;0;2024-07-17 23:30:02;2024-07-17 23:30:02
70;932069;Suporte;Fabio;Fabio;1103;10554;2024-07-17 23:30:02;2024-07-17 23:30:02
71;932070;P-A Revólver;Gabriel;Gabriel;1103;10561;2024-07-17 23:30:02;2024-07-17 23:30:02
72;932071;Raspadores CPL;Gabriel;Gabriel;1103;10561;2024-07-17 23:30:02;2024-07-17 23:30:02
73;932072;Raspador 01;Gabriel;Gabriel;1103;10561;2024-07-17 23:30:02;2024-07-17 23:30:02
74;932073;Raspador 02;Gabriel;Gabriel;1103;10561;2024-07-17 23:30:02;2024-07-17 23:30:02
75;932074;Bucha;Gabriel;Gabriel;1103;10561;2024-07-17 23:30:02;2024-07-17 23:30:02
76;932075;Chapa protetora;Gabriel;Gabriel;1103;10561;2024-07-17 23:30:02;2024-07-17 23:30:02
77;932076;Chapa de respingos;Gabriel;Gabriel;1103;10561;2024-07-17 23:30:02;2024-07-17 23:30:02
78;932077;Cobertura direita;Gabriel;Gabriel;1103;10561;2024-07-17 23:30:02;2024-07-17 23:30:02
79;932078;Cobertura esquerda;Gabriel;Gabriel;1103;10561;2024-07-17 23:30:02;2024-07-17 23:30:02
80;932079;Raspadores CPL;Fabio;Fabio;1103;10554;2024-07-17 23:30:02;2024-07-17 23:30:02
81;932080;VAZIO;VAZIO;VAZIO;VAZIO;0;2024-07-17 23:30:02;2024-07-17 23:30:02
82;932081;VAZIO;VAZIO;VAZIO;VAZIO;0;2024-07-17 23:30:02;2024-07-17 23:30:02
83;932082;VAZIO;VAZIO;VAZIO;VAZIO;0;2024-07-17 23:30:02;2024-07-17 23:30:02
84;932083;VAZIO;VAZIO;VAZIO;VAZIO;0;2024-07-17 23:30:02;2024-07-17 23:30:02
85;932084;Suporte dos distribuidores;Gabriel;Gabriel;1103;10575;2024-07-17 23:30:02;2024-07-17 23:30:02
86;932085;Lubrificação CPL;Gabriel;Gabriel;1103;10575;2024-07-17 23:30:02;2024-07-17 23:30:02
87;932086;Lubrificação central 60Hz;Gabriel;Gabriel;1103;10575;2024-07-17 23:30:02;2024-07-17 23:30:02
88;932087;P-A Lubrificação DROPSA;Gabriel;Gabriel;1103;10575;2024-07-17 23:30:02;2024-07-17 23:30:02
89;932088;Lubrificação centralizada DROPSA;Gabriel;Gabriel;1103;10575;2024-07-17 23:30:02;2024-07-17 23:30:02
90;932089;P-A Lubrificação SEHI;Gabriel;Gabriel;1103;10575;2024-07-17 23:30:02;2024-07-17 23:30:02
91;932090;Lubrificação centralizada SEHI;Gabriel;Gabriel;1103;10575;2024-07-17 23:30:02;2024-07-17 23:30:02
92;932091;Tubo de lubrificação X1;Gabriel;Gabriel;1103;10575;2024-07-17 23:30:02;2024-07-17 23:30:02
93;932092;Tubo de lubrificação X2;Gabriel;Gabriel;1103;10575;2024-07-17 23:30:02;2024-07-17 23:30:02
94;932093;Tubo de lubrificação Z1;Gabriel;Gabriel;1103;10575;2024-07-17 23:30:02;2024-07-17 23:30:02
95;932094;Tubo de lubrificação Z2;Gabriel;Gabriel;1103;10575;2024-07-17 23:30:02;2024-07-17 23:30:02
96;932095;Lubrificação central 50Hz;Gabriel;Gabriel;1103;10575;2024-07-17 23:30:02;2024-07-17 23:30:02
97;932096;P-A Lubrificação DROPSA 50Hz;Gabriel;Gabriel;1103;10575;2024-07-17 23:30:02;2024-07-17 23:30:02
98;932097;P-A Lubrificação Sehi 50Hz;Gabriel;Gabriel;1103;10575;2024-07-17 23:30:02;2024-07-17 23:30:02
99;932098;Lubrificação c/ disp longitudinal;Gabriel;Gabriel;1103;10575;2024-07-17 23:30:02;2024-07-17 23:30:02
100;932099;Lubrificacao central 60Hz;Gabriel;Gabriel;1103;10575;2024-07-17 23:30:02;2024-07-17 23:30:02
101;932100;P-A Lubrificacao DROPSA 60Hz;Gabriel;Gabriel;1103;10575;2024-07-17 23:30:02;2024-07-17 23:30:02
102;932101;Lubrificacao centralizada DROPSA;Gabriel;Gabriel;1103;10575;2024-07-17 23:30:02;2024-07-17 23:30:02
103;932102;P-A Lubrificacao SEHI 60Hz;Gabriel;Gabriel;1103;10575;2024-07-17 23:30:02;2024-07-17 23:30:02
104;932103;Lubrificacao centralizada SEHI;Gabriel;Gabriel;1103;10575;2024-07-17 23:30:02;2024-07-17 23:30:02
105;932104;Lubrificação central 50Hz;Gabriel;Gabriel;1103;10575;2024-07-17 23:30:02;2024-07-17 23:30:02
106;932105;P-A Lubrificação DROPSA 50Hz;Gabriel;Gabriel;1103;10575;2024-07-17 23:30:02;2024-07-17 23:30:02
107;932106;P-A Lubrificação SEHI 50Hz;Gabriel;Gabriel;1103;10575;2024-07-17 23:30:02;2024-07-17 23:30:02
108;932107;Suporte;Fabio;Fabio;1103;10578;2024-07-17 23:30:02;2024-07-17 23:30:02
109;932108;Esquema hidráulico;Fabio;Fabio;1103;10578;2024-07-17 23:30:02;2024-07-17 23:30:02
110;932109;Plaqueta;Fabio;Fabio;1103;10578;2024-07-17 23:30:02;2024-07-17 23:30:02
111;932110;Suporte;Fabio;Fabio;1103;10578;2024-07-17 23:30:02;2024-07-17 23:30:02
112;932111;Tubo;Fabio;Fabio;1103;10578;2024-07-17 23:30:02;2024-07-17 23:30:02
113;932112;UEBS Revolver ferramenta VDI25 acionada;Gabriel;Gabriel;1103;10561;2024-07-17 23:30:02;2024-07-17 23:30:02
114;932113;Cobertura corrediça CPL;Gabriel;Gabriel;1103;10590;2024-07-17 23:30:02;2024-07-17 23:30:02
115;932114;Raspadores CPL;Gabriel;Gabriel;1103;10590;2024-07-17 23:30:02;2024-07-17 23:30:02
116;932115;Raspador 01;Gabriel;Gabriel;1103;10590;2024-07-17 23:30:02;2024-07-17 23:30:02
117;932116;Raspador 02;Gabriel;Gabriel;1103;10590;2024-07-17 23:30:02;2024-07-17 23:30:02
118;932117;Raspador 03;Gabriel;Gabriel;1103;10590;2024-07-17 23:30:02;2024-07-17 23:30:02
119;932118;Chapa inferior;Gabriel;Gabriel;1103;10590;2024-07-17 23:30:02;2024-07-17 23:30:02
120;932119;Suporte direito;Gabriel;Gabriel;1103;10590;2024-07-17 23:30:02;2024-07-17 23:30:02
121;932120;Suporte esquerdo;Gabriel;Gabriel;1103;10590;2024-07-17 23:30:02;2024-07-17 23:30:02
122;932121;Trilho superior;Gabriel;Gabriel;1103;10590;2024-07-17 23:30:02;2024-07-17 23:30:02
123;932122;Moldura direita;Gabriel;Gabriel;1103;10590;2024-07-17 23:30:02;2024-07-17 23:30:02
124;932123;Moldura esquerda;Gabriel;Gabriel;1103;10590;2024-07-17 23:30:02;2024-07-17 23:30:02
125;932124;Parede corrediça direita;Gabriel;Gabriel;1103;10590;2024-07-17 23:30:02;2024-07-17 23:30:02
126;932125;Parede corrediça esquerda;Gabriel;Gabriel;1103;10590;2024-07-17 23:30:02;2024-07-17 23:30:02
127;932126;Tira de latão;Gabriel;Gabriel;1103;10590;2024-07-17 23:30:02;2024-07-17 23:30:02
128;932127;Chapa suporte;Fabio;Fabio;1103;10600;2024-07-17 23:30:02;2024-07-17 23:30:02
129;932128;Bucha;Fabio;Fabio;1103;10600;2024-07-17 23:30:02;2024-07-17 23:30:02
130;932129;Alavanca;Fabio;Fabio;1103;10600;2024-07-17 23:30:02;2024-07-17 23:30:02
131;932130;Suporte do sensor;Fabio;Fabio;1103;10600;2024-07-17 23:30:02;2024-07-17 23:30:02
132;932131;Atuador;Fabio;Fabio;1103;10600;2024-07-17 23:30:02;2024-07-17 23:30:02
133;932132;Cobertura esquerda;Fabio;Fabio;1103;10600;2024-07-17 23:30:02;2024-07-17 23:30:02
134;932133;Cobertura direita;Fabio;Fabio;1103;10600;2024-07-17 23:30:02;2024-07-17 23:30:02
135;932134;Engate;Fabio;Fabio;1103;10600;2024-07-17 23:30:02;2024-07-17 23:30:02
136;932135;Suporte da esteira;Fabio;Fabio;1103;10600;2024-07-17 23:30:02;2024-07-17 23:30:02
137;932136;P-A Esteira transportadora de peças;Fabio;Fabio;1103;10600;2024-07-17 23:30:02;2024-07-17 23:30:02
138;932137;P-A Cesta coletora de peças;Fabio;Fabio;1103;10600;2024-07-17 23:30:02;2024-07-17 23:30:02
139;932138;Painel de comando CPL;Gabriel;Gabriel;1103;10605;2024-07-17 23:30:02;2024-07-17 23:30:02
140;932139;Placa de apoio;Gabriel;Gabriel;1103;10605;2024-07-17 23:30:02;2024-07-17 23:30:02
141;932140;Caixa;Gabriel;Gabriel;1103;10605;2024-07-17 23:30:02;2024-07-17 23:30:02
142;932141;Tampa traseira;Gabriel;Gabriel;1103;10605;2024-07-17 23:30:02;2024-07-17 23:30:02
143;932142;Parede divisóriadireita CPL;Gabriel;Gabriel;1103;10604;2024-07-17 23:30:02;2024-07-17 23:30:02
144;932143;Arremate 01;Gabriel;Gabriel;1103;10604;2024-07-17 23:30:02;2024-07-17 23:30:02
145;932144;Parede divisória direita;Gabriel;Gabriel;1103;10604;2024-07-17 23:30:02;2024-07-17 23:30:02
146;932145;Suporte direito;Gabriel;Gabriel;1103;10604;2024-07-17 23:30:02;2024-07-17 23:30:02
147;932146;Suporte esquerdo;Gabriel;Gabriel;1103;10604;2024-07-17 23:30:02;2024-07-17 23:30:02
148;932147;Parede divisória esquerda CPL;Gabriel;Gabriel;1103;10605;2024-07-17 23:30:02;2024-07-17 23:30:02
149;932148;Parede divisória;Gabriel;Gabriel;1103;10605;2024-07-17 23:30:02;2024-07-17 23:30:02
150;932149;Tubo refrigeração;Gabriel;Gabriel;1103;10605;2024-07-17 23:30:02;2024-07-17 23:30:02
151;932150;Tampa;Gabriel;Gabriel;1103;10605;2024-07-17 23:30:02;2024-07-17 23:30:02
152;932151;Arremate 01;Gabriel;Gabriel;1103;10605;2024-07-17 23:30:02;2024-07-17 23:30:02
153;932152;Arremate 02;Gabriel;Gabriel;1103;10605;2024-07-17 23:30:02;2024-07-17 23:30:02
154;932153;Arremate 03;Gabriel;Gabriel;1103;10605;2024-07-17 23:30:02;2024-07-17 23:30:02
155;932154;Arremate 04;Gabriel;Gabriel;1103;10605;2024-07-17 23:30:02;2024-07-17 23:30:02
156;932155;Cobertura direita soldada;Gabriel;Gabriel;1103;10605;2024-07-17 23:30:02;2024-07-17 23:30:02
157;932156;Chapa principal frontal;Gabriel;Gabriel;1103;10605;2024-07-17 23:30:02;2024-07-17 23:30:02
158;932157;Chapa principal traseira;Gabriel;Gabriel;1103;10605;2024-07-17 23:30:02;2024-07-17 23:30:02
159;932158;Cantoneira traseira;Gabriel;Gabriel;1103;10605;2024-07-17 23:30:02;2024-07-17 23:30:02
160;932159;Viga U principal;Gabriel;Gabriel;1103;10605;2024-07-17 23:30:02;2024-07-17 23:30:02
161;932160;Arremate direito;Gabriel;Gabriel;1103;10605;2024-07-17 23:30:02;2024-07-17 23:30:02
162;932161;Arremate traseiro;Gabriel;Gabriel;1103;10605;2024-07-17 23:30:02;2024-07-17 23:30:02
163;932162;Arremate lateral;Gabriel;Gabriel;1103;10605;2024-07-17 23:30:02;2024-07-17 23:30:02
164;932163;Arremate superior;Gabriel;Gabriel;1103;10605;2024-07-17 23:30:02;2024-07-17 23:30:02
165;932164;Batente;Gabriel;Gabriel;1103;10605;2024-07-17 23:30:02;2024-07-17 23:30:02
166;932165;Encosto do painel;Gabriel;Gabriel;1103;10605;2024-07-17 23:30:02;2024-07-17 23:30:02
167;932166;Calha de cabos;Gabriel;Gabriel;1103;10605;2024-07-17 23:30:02;2024-07-17 23:30:02
168;932167;Calha vertical;Gabriel;Gabriel;1103;10605;2024-07-17 23:30:02;2024-07-17 23:30:02
169;932168;Calha horizontal;Gabriel;Gabriel;1103;10605;2024-07-17 23:30:02;2024-07-17 23:30:02
170;932169;Chapa lubrificação;Gabriel;Gabriel;1103;10605;2024-07-17 23:30:02;2024-07-17 23:30:02
171;932170;Chapa divisória;Gabriel;Gabriel;1103;10605;2024-07-17 23:30:02;2024-07-17 23:30:02
172;932171;Reforço chapa divisória;Gabriel;Gabriel;1103;10605;2024-07-17 23:30:02;2024-07-17 23:30:02
173;932172;Guia superior soldada;Gabriel;Gabriel;1103;10605;2024-07-17 23:30:02;2024-07-17 23:30:02
174;932173;Chapa inferior;Gabriel;Gabriel;1103;10605;2024-07-17 23:30:02;2024-07-17 23:30:02
175;932174;Chapa superior direita;Gabriel;Gabriel;1103;10605;2024-07-17 23:30:02;2024-07-17 23:30:02
176;932175;Reforço chapa superior direita;Gabriel;Gabriel;1103;10605;2024-07-17 23:30:02;2024-07-17 23:30:02
177;932176;Parede esquerda;Gabriel;Gabriel;1103;10605;2024-07-17 23:30:02;2024-07-17 23:30:02
178;932177;Parede direita;Gabriel;Gabriel;1103;10605;2024-07-17 23:30:02;2024-07-17 23:30:02
179;932178;Complemento parede direita;Gabriel;Gabriel;1103;10605;2024-07-17 23:30:02;2024-07-17 23:30:02
180;932179;Tubo superior;Gabriel;Gabriel;1103;10605;2024-07-17 23:30:02;2024-07-17 23:30:02
181;932180;Tubo vertical;Gabriel;Gabriel;1103;10605;2024-07-17 23:30:02;2024-07-17 23:30:02
182;932181;Parede trafo;Gabriel;Gabriel;1103;10605;2024-07-17 23:30:02;2024-07-17 23:30:02
183;932182;Cantoneira traseira direita;Gabriel;Gabriel;1103;10605;2024-07-17 23:30:02;2024-07-17 23:30:02
184;932183;RESERVADO;Gabriel;Gabriel;1103;10605;2024-07-17 23:30:02;2024-07-17 23:30:02
185;932184;RESERVADO;Gabriel;Gabriel;1103;10605;2024-07-17 23:30:02;2024-07-17 23:30:02
186;932185;RESERVADO;Gabriel;Gabriel;1103;10605;2024-07-17 23:30:02;2024-07-17 23:30:02
187;932186;Batente central;Gabriel;Gabriel;1103;10605;2024-07-17 23:30:02;2024-07-17 23:30:02
188;932187;Cobertura esquerda soldada;Gabriel;Gabriel;1103;10605;2024-07-17 23:30:02;2024-07-17 23:30:02
189;932188;Cantoneira;Gabriel;Gabriel;1103;10605;2024-07-17 23:30:02;2024-07-17 23:30:02
190;932189;Tampa calha;Gabriel;Gabriel;1103;10605;2024-07-17 23:30:02;2024-07-17 23:30:02
191;932190;Tampa direita;Gabriel;Gabriel;1103;10605;2024-07-17 23:30:02;2024-07-17 23:30:02
192;932191;Tampa esteira;Gabriel;Gabriel;1103;10605;2024-07-17 23:30:02;2024-07-17 23:30:02
193;932192;Tampa trafo;Gabriel;Gabriel;1103;10605;2024-07-17 23:30:02;2024-07-17 23:30:02
194;932193;Tampa traseira;Gabriel;Gabriel;1103;10605;2024-07-17 23:30:02;2024-07-17 23:30:02
195;932194;Tampa base;Gabriel;Gabriel;1103;10605;2024-07-17 23:30:02;2024-07-17 23:30:02
196;932195;Tampa esquerda dianteira;Gabriel;Gabriel;1103;10605;2024-07-17 23:30:02;2024-07-17 23:30:02
197;932196;Tampa esquerda traseira;Gabriel;Gabriel;1103;10605;2024-07-17 23:30:02;2024-07-17 23:30:02
198;932197;Armário elétrico;Fabio;Fabio;1103;10609;2024-07-17 23:30:02;2024-07-17 23:30:02
199;932198;Porta do armario 1;Fabio;Fabio;1103;10609;2024-07-17 23:30:02;2024-07-17 23:30:02
200;932199;Porta do armario 2;Fabio;Fabio;1103;10609;2024-07-17 23:30:02;2024-07-17 23:30:02
201;932200;Porta do armario 3;Fabio;Fabio;1103;10609;2024-07-17 23:30:02;2024-07-17 23:30:02
202;932201;Porta do armario 4;Fabio;Fabio;1103;10609;2024-07-17 23:30:02;2024-07-17 23:30:02
203;932202;Suporte da porta;Gabriel;Gabriel;1103;10609;2024-07-17 23:30:02;2024-07-17 23:30:02
204;932203;Cobertura principal CPL;Gabriel;Gabriel;1103;10609;2024-07-17 23:30:02;2024-07-17 23:30:02
205;932204;Calha interna;Gabriel;Gabriel;1103;10609;2024-07-17 23:30:02;2024-07-17 23:30:02
206;932205;Peças soldadas coberturas externas;Gabriel;Gabriel;1103;10605;2024-07-17 23:30:02;2024-07-17 23:30:02
207;932206;Porta CPL;Gabriel;Gabriel;1103;10605;2024-07-17 23:30:02;2024-07-17 23:30:02
208;932207;Porta;Gabriel;Gabriel;1103;10605;2024-07-17 23:30:02;2024-07-17 23:30:02
209;932208;Puxador;Gabriel;Gabriel;1103;10605;2024-07-17 23:30:02;2024-07-17 23:30:02
210;932209;Suporte atuador;Gabriel;Gabriel;1103;10605;2024-07-17 23:30:02;2024-07-17 23:30:02
211;932210;Suporte da lingueta;Gabriel;Gabriel;1103;10605;2024-07-17 23:30:02;2024-07-17 23:30:02
212;932211;Trilho;Gabriel;Gabriel;1103;10605;2024-07-17 23:30:02;2024-07-17 23:30:02
213;932212;Cobertura da chave;Gabriel;Gabriel;1103;10605;2024-07-17 23:30:02;2024-07-17 23:30:02
214;932213;Arremate cobertura;Gabriel;Gabriel;1103;10605;2024-07-17 23:30:02;2024-07-17 23:30:02
215;932214;Peças soldadas porta CPL;Gabriel;Gabriel;1103;10605;2024-07-17 23:30:02;2024-07-17 23:30:02
216;932215;Varao quadrado 8;Fabio;Fabio;1103;10609;2024-07-17 23:30:02;2024-07-17 23:30:02
217;932216;Varao quadrado 8 cpl;Fabio;Fabio;1103;10609;2024-07-17 23:30:02;2024-07-17 23:30:02
218;932217;Cobertura esquerda;Gabriel;Gabriel;1103;10616;2024-07-17 23:30:02;2024-07-17 23:30:02
219;932218;Suporte cilindro sujeição;Gabriel;Gabriel;1103;10616;2024-07-17 23:30:02;2024-07-17 23:30:02
220;932219;Tampa acesso trafo;Gabriel;Gabriel;1103;10605;2024-07-17 23:30:02;2024-07-17 23:30:02
221;932220;Bandeja lubrificacao;Gabriel;Gabriel;1103;10626;2024-07-17 23:30:02;2024-07-17 23:30:02
222;932221;Arremate teto;Gabriel;Gabriel;1103;10605;2024-07-17 23:30:02;2024-07-17 23:30:02
223;932222;Tampa teto;Gabriel;Gabriel;1103;10605;2024-07-17 23:30:02;2024-07-17 23:30:02
224;932223;P-A Sem fresador e longitudinal;Gabriel;Gabriel;1103;10626;2024-07-17 23:30:02;2024-07-17 23:30:02
225;932224;P-A Fresador de roscas;Gabriel;Gabriel;1103;10626;2024-07-17 23:30:02;2024-07-17 23:30:02
226;932225;P-A Longitudinal;Gabriel;Gabriel;1103;10626;2024-07-17 23:30:02;2024-07-17 23:30:02
227;932226;Chapa fixação;Gabriel;Gabriel;1103;10626;2024-07-17 23:30:02;2024-07-17 23:30:02
228;932227;Cobertura corrediça;Gabriel;Gabriel;1103;10626;2024-07-17 23:30:02;2024-07-17 23:30:02
229;932228;Cobertura;Gabriel;Gabriel;1103;10626;2024-07-17 23:30:02;2024-07-17 23:30:02
230;932229;Parafuso M33x3.5;Gabriel;Gabriel;1103;10645;2024-07-17 23:30:02;2024-07-17 23:30:02
231;932230;Porca M33x3.5;Gabriel;Gabriel;1103;10645;2024-07-17 23:30:02;2024-07-17 23:30:02
232;932231;Transp. cavacos integr. 230/400V 50Hz;Gabriel;Gabriel;1103;10645;2024-07-17 23:30:02;2024-07-17 23:30:02
233;932232;Transp. cavacos integr. 220/380/440V 60Hz;Gabriel;Gabriel;1103;10645;2024-07-17 23:30:02;2024-07-17 23:30:02
234;932233;Transp. cavacos integr. latão 230/400V 50Hz;Gabriel;Gabriel;1103;10645;2024-07-17 23:30:02;2024-07-17 23:30:02
235;932234;Transp. cavacos integr. latão 220/380/440V 60Hz;Gabriel;Gabriel;1103;10645;2024-07-17 23:30:02;2024-07-17 23:30:02
236;932235;P-A Pinça R42x48;Fabio;Fabio;1103;10855;2024-07-17 23:30:02;2024-07-17 23:30:02
237;932236;Tampa da pinça;Fabio;Fabio;1103;10855;2024-07-17 23:30:02;2024-07-17 23:30:02
238;932237;Flange fixa;Fabio;Fabio;1103;10855;2024-07-17 23:30:02;2024-07-17 23:30:02
239;932238;Bucha da pinça;Fabio;Fabio;1103;10855;2024-07-17 23:30:02;2024-07-17 23:30:02
240;932239;Cabeçote D46 cpl;Fabio;Fabio;1103;10855;2024-07-17 23:30:02;2024-07-17 23:30:02
241;932240;Tampa;Fabio;Fabio;1103;10920;2024-07-17 23:30:02;2024-07-17 23:30:02
242;932241;Caixa;Fabio;Fabio;1103;10922;2024-07-17 23:30:02;2024-07-17 23:30:02
243;932242;Tampa traseira;Fabio;Fabio;1103;10922;2024-07-17 23:30:02;2024-07-17 23:30:02
244;932243;Painel de comando cpl;Fabio;Fabio;1103;10922;2024-07-17 23:30:02;2024-07-17 23:30:02
245;932244;Etiqueta TBA 42 Next;Gabriel;Gabriel;1103;10926;2024-07-17 23:30:02;2024-07-17 23:30:02
246;932245;Etiqueta TBA 65 Next;Gabriel;Gabriel;1103;10926;2024-07-17 23:30:02;2024-07-17 23:30:02
247;932246;Tampa esteira;Gabriel;Gabriel;1103;10926;2024-07-17 23:30:02;2024-07-17 23:30:02
248;932247;UEBS Embalagem de madeira;Gabriel;Gabriel;1103;10927;2024-07-17 23:30:02;2024-07-17 23:30:02
249;932248;Embalagem de madeira TBA Next;Gabriel;Gabriel;1103;10927;2024-07-17 23:30:02;2024-07-17 23:30:02
250;932249;Calço 80x150x2750;Gabriel;Gabriel;1103;10927;2024-07-17 23:30:02;2024-07-17 23:30:02
251;932250;Viga madeira 80x150x2000;Gabriel;Gabriel;1103;10927;2024-07-17 23:30:02;2024-07-17 23:30:02
252;932251;Viga madeira 80x150x2000;Gabriel;Gabriel;1103;10927;2024-07-17 23:30:02;2024-07-17 23:30:02
253;932252;Viga madeira 50x200x2750;Gabriel;Gabriel;1103;10927;2024-07-17 23:30:02;2024-07-17 23:30:02
254;932253;Tábua 20x300x1960;Gabriel;Gabriel;1103;10927;2024-07-17 23:30:02;2024-07-17 23:30:02
255;932254;Viga 50x100x2000;Gabriel;Gabriel;1103;10927;2024-07-17 23:30:02;2024-07-17 23:30:02
256;932255;Viga 50x100x2073;Gabriel;Gabriel;1103;10927;2024-07-17 23:30:02;2024-07-17 23:30:02
257;932256;Tabua 20x300x2750;Gabriel;Gabriel;1103;10927;2024-07-17 23:30:02;2024-07-17 23:30:02
258;932257;Viga 50x100x2322;Gabriel;Gabriel;1103;10927;2024-07-17 23:30:02;2024-07-17 23:30:02
259;932258;Desenho de movimentação;Gabriel;Gabriel;1103;10929;2024-07-17 23:30:02;2024-07-17 23:30:02
260;932259;Chumbador químico M16 CPL;Gabriel;Gabriel;1103;10932;2024-07-17 23:30:02;2024-07-17 23:30:02
261;932260;Chumbador M16 CPL;Gabriel;Gabriel;1103;10932;2024-07-17 23:30:02;2024-07-17 23:30:02
262;932261;Parede divisória traseira;Gabriel;Gabriel;1103;10745;2024-07-17 23:30:02;2024-07-17 23:30:02
263;932262;Chapa proteção;Gabriel;Gabriel;1103;10745;2024-07-17 23:30:02;2024-07-17 23:30:02
264;932263;Flange proteção;Gabriel;Gabriel;1103;10745;2024-07-17 23:30:02;2024-07-17 23:30:02
265;932264;Etiqueta TBA 42 Next;Gabriel;Gabriel;1103;11025;2024-07-17 23:30:02;2024-07-17 23:30:02
266;932265;Etiqueta TBA 65 Next;Gabriel;Gabriel;1103;11025;2024-07-17 23:30:02;2024-07-17 23:30:02
267;932266;Plaqueta lubrificação português;Gabriel;Gabriel;1103;11027;2024-07-17 23:30:02;2024-07-17 23:30:02
268;932267;Plaqueta lubrificação alemão;Gabriel;Gabriel;1103;11027;2024-07-17 23:30:02;2024-07-17 23:30:02
269;932268;Plaqueta lubrificação inglês;Gabriel;Gabriel;1103;11027;2024-07-17 23:30:02;2024-07-17 23:30:02
270;932269;Plaqueta lubrificação portugês;Gabriel;Gabriel;1103;11027;2024-07-17 23:30:02;2024-07-17 23:30:02
271;932270;Plaqueta lubrificação alemão;Gabriel;Gabriel;1103;11027;2024-07-17 23:30:02;2024-07-17 23:30:02
272;932271;Plaqueta lubrificação inglês;Gabriel;Gabriel;1103;11027;2024-07-17 23:30:02;2024-07-17 23:30:02
273;932272;Tampa;Fabio;Fabio;1103;11032;2024-07-17 23:30:02;2024-07-17 23:30:02
274;932273;Cobertura parede;Gabriel;Gabriel;1103;11034;2024-07-17 23:30:02;2024-07-17 23:30:02
275;932274;Disp. tornear longitudinal dianteiro;Gabriel;Gabriel;1103;11034;2024-07-17 23:30:02;2024-07-17 23:30:02
276;932275;Eixo;Fabio;Fabio;1103;11036;2024-07-17 23:30:02;2024-07-17 23:30:02
277;932276;Kit trava;Gustavo;Gustavo;1103;11097;2024-07-17 23:30:02;2024-07-17 23:30:02
278;932277;Viga;Gabriel;Gabriel;1103;11180;2024-07-17 23:30:02;2024-07-17 23:30:02
279;932278;Tábua;Gabriel;Gabriel;1103;11180;2024-07-17 23:30:02;2024-07-17 23:30:02
280;932279;Sarrafo;Gabriel;Gabriel;1103;11180;2024-07-17 23:30:02;2024-07-17 23:30:02
281;932280;Viga;Gabriel;Gabriel;1103;11180;2024-07-17 23:30:02;2024-07-17 23:30:02
282;932281;Viga;Gabriel;Gabriel;1103;11180;2024-07-17 23:30:02;2024-07-17 23:30:02
283;932282;Tábua de madeira cedrinho;Gabriel;Gabriel;1103;11180;2024-07-17 23:30:02;2024-07-17 23:30:02
284;932283;Cobertura principal CPL;Gabriel;Gabriel;1103;11190;2024-07-17 23:30:02;2024-07-17 23:30:02
285;932284;Conjunto chapas;Gabriel;Gabriel;1103;11190;2024-07-17 23:30:02;2024-07-17 23:30:02
286;932285;Cobertura direita;Gabriel;Gabriel;1103;11190;2024-07-17 23:30:02;2024-07-17 23:30:02
287;932286;Chapa principal;Gabriel;Gabriel;1103;11190;2024-07-17 23:30:02;2024-07-17 23:30:02
288;932287;Chapa principal;Gabriel;Gabriel;1103;11190;2024-07-17 23:30:02;2024-07-17 23:30:02
289;932288;Parede esquerda;Gabriel;Gabriel;1103;11190;2024-07-17 23:30:02;2024-07-17 23:30:02
290;932289;Parede direita;Gabriel;Gabriel;1103;11190;2024-07-17 23:30:02;2024-07-17 23:30:02
291;932290;Arremate direito;Gabriel;Gabriel;1103;11190;2024-07-17 23:30:02;2024-07-17 23:30:02
292;932291;Parede trafo;Gabriel;Gabriel;1103;11190;2024-07-17 23:30:02;2024-07-17 23:30:02
293;932292;Arremate teto;Gabriel;Gabriel;1103;11190;2024-07-17 23:30:02;2024-07-17 23:30:02
294;932293;Complemento direito;Gabriel;Gabriel;1103;11190;2024-07-17 23:30:02;2024-07-17 23:30:02
295;932294;Calha cabos;Gabriel;Gabriel;1103;11190;2024-07-17 23:30:02;2024-07-17 23:30:02
296;932295;Chapa esteira;Gabriel;Gabriel;1103;11190;2024-07-17 23:30:02;2024-07-17 23:30:02
297;932296;Tampa calha;Gabriel;Gabriel;1103;11190;2024-07-17 23:30:02;2024-07-17 23:30:02
298;932297;Tampa teto;Gabriel;Gabriel;1103;11190;2024-07-17 23:30:02;2024-07-17 23:30:02
299;932298;Tampa acesso trafo;Gabriel;Gabriel;1103;11190;2024-07-17 23:30:02;2024-07-17 23:30:02
300;932299;Tampa traseira;Gabriel;Gabriel;1103;11190;2024-07-17 23:30:02;2024-07-17 23:30:02
301;932300;Tampa trafo;Gabriel;Gabriel;1103;11190;2024-07-17 23:30:02;2024-07-17 23:30:02
302;932301;Tampa direita;Gabriel;Gabriel;1103;11190;2024-07-17 23:30:02;2024-07-17 23:30:02
303;932302;Cantoneira;Gabriel;Gabriel;1103;11190;2024-07-17 23:30:02;2024-07-17 23:30:02
304;932303;Cantoneira;Gabriel;Gabriel;1103;11190;2024-07-17 23:30:02;2024-07-17 23:30:02
305;932304;Suporte esteira;Gabriel;Gabriel;1103;11190;2024-07-17 23:30:02;2024-07-17 23:30:02
306;932305;Suporte hidráulico;Gabriel;Gabriel;1103;11190;2024-07-17 23:30:02;2024-07-17 23:30:02
307;932306;Disp. limitador de curso;Fabio;Fabio;1103;11275;2024-07-17 23:30:02;2024-07-17 23:30:02
308;932307;Porca fixa;Fabio;Fabio;1103;11275;2024-07-17 23:30:02;2024-07-17 23:30:02
309;932308;Coletor óleo cpl;Fabio;Fabio;1103;11275;2024-07-17 23:30:02;2024-07-17 23:30:02
310;932309;Chave gancho;Fabio;Fabio;1103;11275;2024-07-17 23:30:02;2024-07-17 23:30:02
311;932310;Coletor;Fabio;Fabio;1103;11275;2024-07-17 23:30:02;2024-07-17 23:30:02
312;932311;Tampa;Fabio;Fabio;1103;11275;2024-07-17 23:30:02;2024-07-17 23:30:02
313;932312;Coletor óleo;Fabio;Fabio;1103;11275;2024-07-17 23:30:02;2024-07-17 23:30:02
314;932313;tampa;Fabio;Fabio;1103;11287;2024-07-17 23:30:02;2024-07-17 23:30:02
315;932314;UEBS X1/Z1;Fabio;Fabio;1103;11303;2024-07-17 23:30:02;2024-07-17 23:30:02
316;932315;Mancal;Fabio;Fabio;1103;11287;2024-07-17 23:30:02;2024-07-17 23:30:02
317;932316;Escudo;Fabio;Fabio;1103;11287;2024-07-17 23:30:02;2024-07-17 23:30:02
318;932317;Carro Z;Fabio;Fabio;1103;11287;2024-07-17 23:30:02;2024-07-17 23:30:02
319;932318;Carro X;Fabio;Fabio;1103;11287;2024-07-17 23:30:02;2024-07-17 23:30:02
320;932319;Revólver pragati;Fabio;Fabio;1103;11287;2024-07-17 23:30:02;2024-07-17 23:30:02
321;932320;Fuso de esferas;Fabio;Fabio;1103;11287;2024-07-17 23:30:02;2024-07-17 23:30:02
322;932321;Suporte;Fabio;Fabio;1103;11287;2024-07-17 23:30:02;2024-07-17 23:30:02
323;932322;UEBS Lubrificação;Gustavo;Gustavo;1103;11303;2024-07-17 23:30:02;2024-07-17 23:30:02
324;932323;UEBS Separador de peças;Gustavo;Gustavo;1103;11303;2024-07-17 23:30:02;2024-07-17 23:30:02
325;932324;base usinada;Fabio;Fabio;1103;11287;2024-07-17 23:30:02;2024-07-17 23:30:02
326;932325;Base cpl;Fabio;Fabio;1103;11287;2024-07-17 23:30:02;2024-07-17 23:30:02
327;932326;Base X;Fabio;Fabio;1103;11287;2024-07-17 23:30:02;2024-07-17 23:30:02
328;932327;Cobertura CPL;Fabio;Fabio;1103;11287;2024-07-17 23:30:02;2024-07-17 23:30:02
329;932328;Carro Z CPL;Gustavo;Gustavo;1103;11317;2024-07-17 23:30:02;2024-07-17 23:30:02
330;932329;Carro X CPL;Gustavo;Gustavo;1103;11317;2024-07-17 23:30:02;2024-07-17 23:30:02
331;932330;Cobertura;Gustavo;Gustavo;1103;11317;2024-07-17 23:30:02;2024-07-17 23:30:02
332;932331;Cobertura;Gustavo;Gustavo;1103;11317;2024-07-17 23:30:02;2024-07-17 23:30:02
333;932332;Suporte;Gustavo;Gustavo;1103;11317;2024-07-17 23:30:02;2024-07-17 23:30:02
334;932333;Cobertura;Gustavo;Gustavo;1103;11317;2024-07-17 23:30:02;2024-07-17 23:30:02
335;932334;Bloco;Gustavo;Gustavo;1103;11317;2024-07-17 23:30:02;2024-07-17 23:30:02
336;932335;Raspadores CPL;Gustavo;Gustavo;1103;11317;2024-07-17 23:30:02;2024-07-17 23:30:02
337;932336;Raspador;Gustavo;Gustavo;1103;11317;2024-07-17 23:30:02;2024-07-17 23:30:02
338;932337;Raspador;Gustavo;Gustavo;1103;11317;2024-07-17 23:30:02;2024-07-17 23:30:02
339;932338;Raspador;Gustavo;Gustavo;1103;11317;2024-07-17 23:30:02;2024-07-17 23:30:02
340;932339;Caixa de proteção;Fabio;Fabio;1103;11317;2024-07-17 23:30:02;2024-07-17 23:30:02
341;932340;Suporte;Gustavo;Gustavo;1103;11341;2024-07-17 23:30:02;2024-07-17 23:30:02
342;932341;Cotovelo;Lucas;Lucas;1103;11341;2024-07-17 23:30:02;2024-07-17 23:30:02
343;932342;Suporte;Gustavo;Gustavo;1103;11317;2024-07-17 23:30:02;2024-07-17 23:30:02
344;932343;Flange;Lucas;Lucas;1103;11341;2024-07-17 23:30:02;2024-07-17 23:30:02
345;932344;Eixo;Fabio;Fabio;1103;11387;2024-07-17 23:30:02;2024-07-17 23:30:02
346;932345;Calço;Gustavo;Gustavo;1103;11341;2024-07-17 23:30:02;2024-07-17 23:30:02
347;932346;Suporte lateral;Gustavo;Gustavo;1103;11350;2024-07-17 23:30:02;2024-07-17 23:30:02
348;932347;Calha fixa;Gustavo;Gustavo;1103;11350;2024-07-17 23:30:02;2024-07-17 23:30:02
349;932348;Calha;Gustavo;Gustavo;1103;11350;2024-07-17 23:30:02;2024-07-17 23:30:02
350;932349;Livre;Gustavo;Gustavo;1103;11350;2024-07-17 23:30:02;2024-07-17 23:30:02
351;932350;P-A Cobertura CPL;Gabriel;Gabriel;1103;11351;2024-07-17 23:30:02;2024-07-17 23:30:02
352;932351;Parede divisória esquerda;Gabriel;Gabriel;1103;11351;2024-07-17 23:30:02;2024-07-17 23:30:02
353;932352;Parede divisória direita;Gabriel;Gabriel;1103;11351;2024-07-17 23:30:02;2024-07-17 23:30:02
354;932353;Arremate inferior esquerdo;Gabriel;Gabriel;1103;11351;2024-07-17 23:30:02;2024-07-17 23:30:02
355;932354;Arremate inferior direito;Gabriel;Gabriel;1103;11351;2024-07-17 23:30:02;2024-07-17 23:30:02
356;932355;Raspador;Gabriel;Gabriel;1103;11351;2024-07-17 23:30:02;2024-07-17 23:30:02
357;932356;Raspador;Gabriel;Gabriel;1103;11351;2024-07-17 23:30:02;2024-07-17 23:30:02
358;932357;Raspador;Gabriel;Gabriel;1103;11351;2024-07-17 23:30:02;2024-07-17 23:30:02
359;932358;Atuador;Lucas;Lucas;1103;11350;2024-07-17 23:30:02;2024-07-17 23:30:02
360;932359;Guia linear;Lucas;Lucas;1103;11350;2024-07-17 23:30:02;2024-07-17 23:30:02
361;932360;Cavalete;Lucas;Lucas;1103;11350;2024-07-17 23:30:02;2024-07-17 23:30:02
362;932361;Garfo;Lucas;Lucas;1103;11350;2024-07-17 23:30:02;2024-07-17 23:30:02
363;932362;Transportador central;Lucas;Lucas;1103;11350;2024-07-17 23:30:02;2024-07-17 23:30:02
364;932363;Tampa direita;Gabriel;Gabriel;1103;11351;2024-07-17 23:30:02;2024-07-17 23:30:02
365;932364;Chapa de proteção;Lucas;Lucas;1103;11350;2024-07-17 23:30:02;2024-07-17 23:30:02
366;932365;Cesta de peças;Lucas;Lucas;1103;11350;2024-07-17 23:30:02;2024-07-17 23:30:02
367;932366;Bucha;Lucas;Lucas;1103;11350;2024-07-17 23:30:02;2024-07-17 23:30:02
368;932367;Chapa;Gabriel;Gabriel;1103;11350;2024-07-17 23:30:02;2024-07-17 23:30:02
369;932368;Chapa;Gabriel;Gabriel;1103;11350;2024-07-17 23:30:02;2024-07-17 23:30:02
370;932369;Cobertura inferior;Gabriel;Gabriel;1103;11351;2024-07-17 23:30:02;2024-07-17 23:30:02
371;932370;Cobertura revólver;Gabriel;Gabriel;1103;11351;2024-07-17 23:30:02;2024-07-17 23:30:02
372;932371;Kit pneumático;Gabriel;Gabriel;1103;11350;2024-07-17 23:30:02;2024-07-17 23:30:02
373;932372;P-A Lubrificação;Gabriel;Gabriel;1103;11367;2024-07-17 23:30:02;2024-07-17 23:30:02
374;932373;Chapa montagem;Gabriel;Gabriel;1103;11367;2024-07-17 23:30:02;2024-07-17 23:30:02
375;932374;Cabeçote retrabalhado;Fabio;Fabio;1103;11364;2024-07-17 23:30:02;2024-07-17 23:30:02
376;932375;UEBS Lubrificação;Gustavo;Gustavo;1103;11343;2024-07-17 23:30:02;2024-07-17 23:30:02
377;932376;Lubrificação CPL Dropsa 60 Hz S/Disp. Torn. Longitudinal;Gustavo;Gustavo;1103;11343;2024-07-17 23:30:02;2024-07-17 23:30:02
378;932377;Lubrificação CPL Sehi 60 Hz S/Disp. Torn. Longitudinal;Gustavo;Gustavo;1103;11343;2024-07-17 23:30:02;2024-07-17 23:30:02
379;932378;Lubrificação CPL Dropsa 50 Hz S/Disp. Torn. Longitudinal;Gustavo;Gustavo;1103;11343;2024-07-17 23:30:02;2024-07-17 23:30:02
380;932379;Lubrificação CPL Sehi 50 Hz S/Disp. Torn. Longitudial;Gustavo;Gustavo;1103;11343;2024-07-17 23:30:02;2024-07-17 23:30:02
381;932380;Lubrificação CPL Dropsa 60 Hz C/ Disp. longitudinal;Gustavo;Gustavo;1103;11343;2024-07-17 23:30:02;2024-07-17 23:30:02
382;932381;Lubrificação CPL Dropsa 50 Hz C/Disp. torn. Longitudinal;Gustavo;Gustavo;1103;11343;2024-07-17 23:30:02;2024-07-17 23:30:02
383;932382;Lubrificação CPL Sehi 60 Hz C/Disp. Torn. Longitudinal;Gustavo;Gustavo;1103;11343;2024-07-17 23:30:02;2024-07-17 23:30:02
384;932383;Lubrificação CPL Sehi 50 Hz C/Disp. Torn. Longitudinal;Gustavo;Gustavo;1103;11343;2024-07-17 23:30:02;2024-07-17 23:30:02
385;932384;UEBS Refrigeração;Gustavo;Gustavo;1103;11343;2024-07-17 23:30:02;2024-07-17 23:30:02
386;932385;Refrigeração SPK 60 Hz 6 bar;Gustavo;Gustavo;1103;11343;2024-07-17 23:30:02;2024-07-17 23:30:02
387;932386;Refrigeração SPK 50 Hz 6 bar;Gustavo;Gustavo;1103;11343;2024-07-17 23:30:02;2024-07-17 23:30:02
388;932387;Refrigeração Texius 6 bar;Gustavo;Gustavo;1103;11343;2024-07-17 23:30:02;2024-07-17 23:30:02
389;932388;Refrigeração MTR3 50 Hz 20 bar;Gustavo;Gustavo;1103;11343;2024-07-17 23:30:02;2024-07-17 23:30:02
390;932389;Refrigeração CRK2 50 Hz 20 bar;Gustavo;Gustavo;1103;11343;2024-07-17 23:30:02;2024-07-17 23:30:02
391;932390;Refrigeração MTR3 60 Hz 20 bar;Gustavo;Gustavo;1103;11343;2024-07-17 23:30:02;2024-07-17 23:30:02
392;932391;Refrigeração TBY 60 Hz 20 bar;Gustavo;Gustavo;1103;11343;2024-07-17 23:30:02;2024-07-17 23:30:02
393;932392;Refrigeração 6 e 20 bar MTR3 50 Hz;Gustavo;Gustavo;1103;11343;2024-07-17 23:30:02;2024-07-17 23:30:02
394;932393;Refrigeração 6 e 20 bar CRK2 50 Hz;Gustavo;Gustavo;1103;11343;2024-07-17 23:30:02;2024-07-17 23:30:02
395;932394;Refrigeração 6 e 20 bar MTR3 60 Hz;Gustavo;Gustavo;1103;11343;2024-07-17 23:30:02;2024-07-17 23:30:02
396;932395;Refrigeração 6 e 20 bar TBY 16 60 Hz ;Gustavo;Gustavo;1103;11343;2024-07-17 23:30:02;2024-07-17 23:30:02
397;932396;UEBS Hidráulico ;Gustavo;Gustavo;1103;11343;2024-07-17 23:30:02;2024-07-17 23:30:02
398;932397;Hidráulico CPL TND 140 60 Hz;Gustavo;Gustavo;1103;11343;2024-07-17 23:30:02;2024-07-17 23:30:02
399;932398;Hidráulico CPL TND 140 50 Hz;Gustavo;Gustavo;1103;11343;2024-07-17 23:30:02;2024-07-17 23:30:02
400;932399;Hidráulico CPL TND 200 60 Hz;Gustavo;Gustavo;1103;11343;2024-07-17 23:30:02;2024-07-17 23:30:02
401;932400;Hidráulico CPL TND 200 50 Hz;Gustavo;Gustavo;1103;11343;2024-07-17 23:30:02;2024-07-17 23:30:02
402;932401;UEBS Plaquetas etiquetas;Gustavo;Gustavo;1103;11343;2024-07-17 23:30:02;2024-07-17 23:30:02
403;932402;Plaquetas português 42;Gustavo;Gustavo;1103;11343;2024-07-17 23:30:02;2024-07-17 23:30:02
404;932403;Plaquetas alemão 42;Gustavo;Gustavo;1103;11343;2024-07-17 23:30:02;2024-07-17 23:30:02
405;932404;Plaquetas inglês 42;Gustavo;Gustavo;1103;11343;2024-07-17 23:30:02;2024-07-17 23:30:02
406;932405;Plaquetas português 65;Gustavo;Gustavo;1103;11343;2024-07-17 23:30:02;2024-07-17 23:30:02
407;932406;Plaquetas alemão 65;Gustavo;Gustavo;1103;11343;2024-07-17 23:30:02;2024-07-17 23:30:02
408;932407;Plaquetas inglês 65;Gustavo;Gustavo;1103;11343;2024-07-17 23:30:02;2024-07-17 23:30:02
409;932408;UEBS Transportador de cavacos;Gustavo;Gustavo;1103;11343;2024-07-17 23:30:02;2024-07-17 23:30:02
410;932409;Transportador de cavacos 60 Hz;Gustavo;Gustavo;1103;11343;2024-07-17 23:30:02;2024-07-17 23:30:02
411;932410;Transportador de cavacos 50 Hz;Gustavo;Gustavo;1103;11343;2024-07-17 23:30:02;2024-07-17 23:30:02
412;932411;Transportador de cavacos 60 Hz latão;Gustavo;Gustavo;1103;11343;2024-07-17 23:30:02;2024-07-17 23:30:02
413;932412;Transportador de cavacos 50 Hz latão ;Gustavo;Gustavo;1103;11343;2024-07-17 23:30:02;2024-07-17 23:30:02
414;932413;P-A Contra ponta;Gabriel;Gabriel;1103;11399;2024-07-17 23:30:02;2024-07-17 23:30:02
415;932414;Suporte;Gabriel;Gabriel;1103;11399;2024-07-17 23:30:02;2024-07-17 23:30:02
416;932415;Bucha;Gabriel;Gabriel;1103;11399;2024-07-17 23:30:02;2024-07-17 23:30:02
417;932416;Calço revólver;Lucas;Lucas;1103;11446;2024-07-17 23:30:02;2024-07-17 23:30:02
418;932417;Calço eixo Z;Lucas;Lucas;1103;11446;2024-07-17 23:30:02;2024-07-17 23:30:02
419;932418;P-A carro cruzado;Lucas;Lucas;1103;11446;2024-07-17 23:30:02;2024-07-17 23:30:02
420;932419;UEBS adaptação revólver;Lucas;Lucas;1103;11446;2024-07-17 23:30:02;2024-07-17 23:30:02
421;932420;Coberturas internas CPL;Gabriel;Gabriel;1103;11456;2024-07-17 23:30:02;2024-07-17 23:30:02
422;932421;Kit chapas internas;Gabriel;Gabriel;1103;11456;2024-07-17 23:30:02;2024-07-17 23:30:02
423;932422;Suporte;Gabriel;Gabriel;1103;11456;2024-07-17 23:30:02;2024-07-17 23:30:02
424;932423;Suprote;Gabriel;Gabriel;1103;11456;2024-07-17 23:30:02;2024-07-17 23:30:02
425;932424;Suporte;Gabriel;Gabriel;1103;11456;2024-07-17 23:30:02;2024-07-17 23:30:02
426;932425;Suporte;Gabriel;Gabriel;1103;11456;2024-07-17 23:30:02;2024-07-17 23:30:02
427;932426;Cantoneira;Gabriel;Gabriel;1103;11456;2024-07-17 23:30:02;2024-07-17 23:30:02
428;932427;Cobertura;Gabriel;Gabriel;1103;11456;2024-07-17 23:30:02;2024-07-17 23:30:02
429;932428;Cobertura;Gabriel;Gabriel;1103;11456;2024-07-17 23:30:02;2024-07-17 23:30:02
430;932429;Cobertura;Gabriel;Gabriel;1103;11456;2024-07-17 23:30:02;2024-07-17 23:30:02
431;932430;Cobertura;Gabriel;Gabriel;1103;11456;2024-07-17 23:30:02;2024-07-17 23:30:02
432;932431;Cobertura;Gabriel;Gabriel;1103;11456;2024-07-17 23:30:02;2024-07-17 23:30:02
433;932432;Cobertura;Gabriel;Gabriel;1103;11456;2024-07-17 23:30:02;2024-07-17 23:30:02
434;932433;Cantoneira;Gabriel;Gabriel;1103;11456;2024-07-17 23:30:02;2024-07-17 23:30:02
435;932434;Cantoneira;Gabriel;Gabriel;1103;11456;2024-07-17 23:30:02;2024-07-17 23:30:02
436;932435;Cantoneira;Gabriel;Gabriel;1103;11456;2024-07-17 23:30:02;2024-07-17 23:30:02
437;932436;Kit Rapsadores;Gabriel;Gabriel;1103;11456;2024-07-17 23:30:02;2024-07-17 23:30:02
438;932437;Raspador;Gabriel;Gabriel;1103;11456;2024-07-17 23:30:02;2024-07-17 23:30:02
439;932438;Raspador;Gabriel;Gabriel;1103;11456;2024-07-17 23:30:02;2024-07-17 23:30:02
440;932439;Raspador;Gabriel;Gabriel;1103;11456;2024-07-17 23:30:02;2024-07-17 23:30:02
441;932440;Raspador;Gabriel;Gabriel;1103;11456;2024-07-17 23:30:02;2024-07-17 23:30:02
442;932441;Raspador;Gabriel;Gabriel;1103;11456;2024-07-17 23:30:02;2024-07-17 23:30:02
443;932442;Raspador;Gabriel;Gabriel;1103;11456;2024-07-17 23:30:02;2024-07-17 23:30:02
444;932443;Raspador;Gabriel;Gabriel;1103;11456;2024-07-17 23:30:02;2024-07-17 23:30:02
445;932444;Raspador;Gabriel;Gabriel;1103;11456;2024-07-17 23:30:02;2024-07-17 23:30:02
446;932445;Raspador;Gabriel;Gabriel;1103;11456;2024-07-17 23:30:02;2024-07-17 23:30:02
447;932446;Raspador;Gabriel;Gabriel;1103;11456;2024-07-17 23:30:02;2024-07-17 23:30:02
448;932447;Chapa;Gabriel;Gabriel;1103;11456;2024-07-17 23:30:02;2024-07-17 23:30:02
449;932448;Chapa;Gabriel;Gabriel;1103;11456;2024-07-17 23:30:02;2024-07-17 23:30:02
450;932449;P-A Revólver;Gabriel;Gabriel;1103;11457;2024-07-17 23:30:02;2024-07-17 23:30:02
451;932450;Bandeja revólver;Gabriel;Gabriel;1103;11457;2024-07-17 23:30:02;2024-07-17 23:30:02
452;932451;Cobertura traseira;Gabriel;Gabriel;1103;11457;2024-07-17 23:30:02;2024-07-17 23:30:02
453;932452;CObertura dianteira;Gabriel;Gabriel;1103;11457;2024-07-17 23:30:02;2024-07-17 23:30:02
454;932453;Raspador;Gabriel;Gabriel;1103;11461;2024-07-17 23:30:02;2024-07-17 23:30:02
455;932454;P-A Coberturas externas;Gabriel;Gabriel;1103;11461;2024-07-17 23:30:02;2024-07-17 23:30:02
456;932455;Parede divisória dianteira;Gabriel;Gabriel;1103;11461;2024-07-17 23:30:02;2024-07-17 23:30:02
457;932456;Parede divisoria traseira;Gabriel;Gabriel;1103;11461;2024-07-17 23:30:02;2024-07-17 23:30:02
458;932457;Cobertura direita retrabalhada;Gabriel;Gabriel;1103;11461;2024-07-17 23:30:02;2024-07-17 23:30:02
459;932458;Cobertura retrabalhada;Gabriel;Gabriel;1103;11461;2024-07-17 23:30:02;2024-07-17 23:30:02
460;932459;Viga superior;Gabriel;Gabriel;1103;11461;2024-07-17 23:30:02;2024-07-17 23:30:02
461;932460;Chapa;Gabriel;Gabriel;1103;11461;2024-07-17 23:30:02;2024-07-17 23:30:02
462;932461;Chapa;Gabriel;Gabriel;1103;11461;2024-07-17 23:30:02;2024-07-17 23:30:02
463;932462;Chapa;Gabriel;Gabriel;1103;11461;2024-07-17 23:30:02;2024-07-17 23:30:02
464;932463;Chapa inclinada;Gabriel;Gabriel;1103;11461;2024-07-17 23:30:02;2024-07-17 23:30:02
465;932464;Chapa;Gabriel;Gabriel;1103;11461;2024-07-17 23:30:02;2024-07-17 23:30:02
466;932465;Batente retrabalhado;Gabriel;Gabriel;1103;11461;2024-07-17 23:30:02;2024-07-17 23:30:02
467;932466;Cobertura retrabalhada;Gabriel;Gabriel;1103;11461;2024-07-17 23:30:02;2024-07-17 23:30:02
468;932467;Arremate dobrado;Gabriel;Gabriel;1103;11461;2024-07-17 23:30:02;2024-07-17 23:30:02
469;932468;Cantoneira superior;Gabriel;Gabriel;1103;11461;2024-07-17 23:30:02;2024-07-17 23:30:02
470;932469;Cantoneira superior;Gabriel;Gabriel;1103;11461;2024-07-17 23:30:02;2024-07-17 23:30:02
471;932470;Chapa;Gabriel;Gabriel;1103;11461;2024-07-17 23:30:02;2024-07-17 23:30:02
472;932471;P-A Carro X;Gabriel;Gabriel;1103;11468;2024-07-17 23:30:02;2024-07-17 23:30:02
473;932472;Distanciador retrabalhado;Gabriel;Gabriel;1103;11468;2024-07-17 23:30:02;2024-07-17 23:30:02
474;932473;Suporte motor;Gabriel;Gabriel;1103;11468;2024-07-17 23:30:02;2024-07-17 23:30:02
475;932474;Chapa;Gabriel;Gabriel;1103;11468;2024-07-17 23:30:02;2024-07-17 23:30:02
476;932475;Polia dentada CPL;Gabriel;Gabriel;1103;11468;2024-07-17 23:30:02;2024-07-17 23:30:02
477;932476;Flange;Gabriel;Gabriel;1103;11468;2024-07-17 23:30:02;2024-07-17 23:30:02
478;932477;Polia retrabalhada;Gabriel;Gabriel;1103;11468;2024-07-17 23:30:02;2024-07-17 23:30:02
479;932478;Polia retrabalhada;Gabriel;Gabriel;1103;11468;2024-07-17 23:30:02;2024-07-17 23:30:02
480;932479;Arruela retrabalhada;Gabriel;Gabriel;1103;11468;2024-07-17 23:30:02;2024-07-17 23:30:02
481;932480;Flange aperto;Gabriel;Gabriel;1103;11468;2024-07-17 23:30:02;2024-07-17 23:30:02
482;932481;Disp. Separador de Peças;Gabriel;Gabriel;1103;11474;2024-07-17 23:30:02;2024-07-17 23:30:02
483;932482;Suporte;Gabriel;Gabriel;1103;11474;2024-07-17 23:30:02;2024-07-17 23:30:02
484;932483;Suporte;Gabriel;Gabriel;1103;11474;2024-07-17 23:30:02;2024-07-17 23:30:02
485;932484;Calha fixa;Gabriel;Gabriel;1103;11474;2024-07-17 23:30:02;2024-07-17 23:30:02
486;932485;Guia linear;Gabriel;Gabriel;1103;11474;2024-07-17 23:30:02;2024-07-17 23:30:02
487;932486;Calha móvel;Gabriel;Gabriel;1103;11474;2024-07-17 23:30:02;2024-07-17 23:30:02
488;932487;Chapa proteção;Gabriel;Gabriel;1103;11474;2024-07-17 23:30:02;2024-07-17 23:30:02
489;932488;Cobertura calha;Gabriel;Gabriel;1103;11474;2024-07-17 23:30:02;2024-07-17 23:30:02
490;932489;Tampa;Gabriel;Gabriel;1103;11474;2024-07-17 23:30:02;2024-07-17 23:30:02
491;932490;Pino;Gabriel;Gabriel;1103;11474;2024-07-17 23:30:02;2024-07-17 23:30:02
492;932491;Chapa proteção;Gabriel;Gabriel;1103;11474;2024-07-17 23:30:02;2024-07-17 23:30:02
493;932492;Flange;Gabriel;Gabriel;1103;11468;2024-07-17 23:30:02;2024-07-17 23:30:02
494;932493;Carro X retrabalhado;Gabriel;Gabriel;1103;11468;2024-07-17 23:30:02;2024-07-17 23:30:02
495;932494;Carro Z retrabalho;Gabriel;Gabriel;1103;11468;2024-07-17 23:30:02;2024-07-17 23:30:02
496;932495;Mancal retrabalhado;Gabriel;Gabriel;1103;11468;2024-07-17 23:30:02;2024-07-17 23:30:02
497;932496;Chapa;Gabriel;Gabriel;1103;11478;2024-07-17 23:30:02;2024-07-17 23:30:02
498;932497;Chapa;Gabriel;Gabriel;1103;11478;2024-07-17 23:30:02;2024-07-17 23:30:02
499;932498;Cantoneira apoio;Gabriel;Gabriel;1103;11478;2024-07-17 23:30:02;2024-07-17 23:30:02
500;932499;Chapa rolamento;Gabriel;Gabriel;1103;11478;2024-07-17 23:30:02;2024-07-17 23:30:02
501;932500;Base retrabalhada;Gabriel;Gabriel;1103;11478;2024-07-17 23:30:02;2024-07-17 23:30:02
502;932501;Tira de latão;Gabriel;Gabriel;1103;11486;2024-07-17 23:30:02;2024-07-17 23:30:02
503;932502;Tira de latão;Gabriel;Gabriel;1103;11486;2024-07-17 23:30:02;2024-07-17 23:30:02
504;932503;Tira de latão;Gabriel;Gabriel;1103;11486;2024-07-17 23:30:02;2024-07-17 23:30:02
505;932504;Tira de latão;Gabriel;Gabriel;1103;11486;2024-07-17 23:30:02;2024-07-17 23:30:02
506;932505;Tira de latão;Gabriel;Gabriel;1103;11486;2024-07-17 23:30:02;2024-07-17 23:30:02
507;932506;Campo de trabalho;Gabriel;Gabriel;1103;11550;2024-07-17 23:30:02;2024-07-17 23:30:02
508;932507;Cobertura motor;Gabriel;Gabriel;1103;11551;2024-07-17 23:30:02;2024-07-17 23:30:02
509;932508;Guia linear;Gabriel;Gabriel;1103;11551;2024-07-17 23:30:02;2024-07-17 23:30:02
510;932509;Trava Z;Gabriel;Gabriel;1103;11551;2024-07-17 23:30:02;2024-07-17 23:30:02
511;932510;Trava X;Gabriel;Gabriel;1103;11551;2024-07-17 23:30:02;2024-07-17 23:30:02
512;932511;Flange;Gabriel;Gabriel;1103;11551;2024-07-17 23:30:02;2024-07-17 23:30:02
513;932512;Chapa fixação;Gabriel;Gabriel;1103;11551;2024-07-17 23:30:02;2024-07-17 23:30:02
514;932513;Cantoneira reforço;Gabriel;Gabriel;1103;11551;2024-07-17 23:30:02;2024-07-17 23:30:02
515;932514;Arremate;Gabriel;Gabriel;1103;11551;2024-07-17 23:30:02;2024-07-17 23:30:02
516;932515;Arremate;Gabriel;Gabriel;1103;11551;2024-07-17 23:30:02;2024-07-17 23:30:02
517;932516;Arremate;Gabriel;Gabriel;1103;11551;2024-07-17 23:30:02;2024-07-17 23:30:02
518;932517;Chapa teflon;Gabriel;Gabriel;1103;11551;2024-07-17 23:30:02;2024-07-17 23:30:02
519;932518;Cobertura fuso;Gabriel;Gabriel;1103;11551;2024-07-17 23:30:02;2024-07-17 23:30:02
520;932519;Chapa arremate;Gabriel;Gabriel;1103;11551;2024-07-17 23:30:02;2024-07-17 23:30:02
521;932520;Chapa fixação;Gabriel;Gabriel;1103;11551;2024-07-17 23:30:02;2024-07-17 23:30:02
522;932521;Chapa;Gabriel;Gabriel;1103;11551;2024-07-17 23:30:02;2024-07-17 23:30:02
523;932522;Chapa fixação;Gabriel;Gabriel;1103;11551;2024-07-17 23:30:02;2024-07-17 23:30:02
524;932523;Chapa lubrificação;Gabriel;Gabriel;1103;11551;2024-07-17 23:30:02;2024-07-17 23:30:02
525;932524;Chapa esteira;Gabriel;Gabriel;1103;11551;2024-07-17 23:30:02;2024-07-17 23:30:02
526;932525;Bloco;Gabriel;Gabriel;1103;11601;2024-07-17 23:30:02;2024-07-17 23:30:02
527;932526;Bloco;Gabriel;Gabriel;1103;11601;2024-07-17 23:30:02;2024-07-17 23:30:02
528;932527;Bloco;Gabriel;Gabriel;1103;11601;2024-07-17 23:30:02;2024-07-17 23:30:02
529;932528;Bloco;Gabriel;Gabriel;1103;11601;2024-07-17 23:30:02;2024-07-17 23:30:02
530;932529;Chapa;Gabriel;Gabriel;1103;11601;2024-07-17 23:30:02;2024-07-17 23:30:02
531;932530;Reforço;Gabriel;Gabriel;1103;11608;2024-07-17 23:30:02;2024-07-17 23:30:02
532;932531;BASE TBC NEXT CPL;Ivo;Marino;1103;11684;2024-07-17 23:30:02;2024-07-17 23:30:02
533;932532;BASE USINADA TBC NEXT;Ivo;Marino;1103;11684;2024-07-17 23:30:02;2024-07-17 23:30:02
534;932533;Revólver SAUTER;Gustavo;Marino;1103;11940;2024-07-17 23:30:02;2024-07-17 23:30:02
535;932534;Revólver SAUTER;Gustavo;Marino;1103;11940;2024-07-17 23:30:02;2024-07-17 23:30:02
