1;904553;Tampa armário esquerdo;Edi;Edi;1103;9583;2024-07-17 23:30:02;2024-07-17 23:30:02
2;904554;"Pinça A36 SW 23,8 (15/16"")";Fabio;Patrício;1103;9613;2024-07-17 23:30:02;2024-07-17 23:30:02
3;904555;Transportador de cavacos ;Fabio;Fabio;1103;9638;2024-07-17 23:30:02;2024-07-17 23:30:02
4;904556;Pinça A-36 Ø6 mm;Fabio;Vicente;1103;9679;2024-07-17 23:30:02;2024-07-17 23:30:02
5;904557;Lubrificação central Dropsa;Fabio;Fabio;1103;9683;2024-07-17 23:30:02;2024-07-17 23:30:02
6;904558;Lubrificação central Sehi;Fabio;Fabio;1103;9683;2024-07-17 23:30:02;2024-07-17 23:30:02
7;904559;LUBRIF.CENTRAL CPL TNG-32 FANUC;Fabio;Fabio;1103;9683;2024-07-17 23:30:02;2024-07-17 23:30:02
8;904560;LUBRIF.CENTRAL CPL TNG-32 SIEMENS;Fabio;Fabio;1103;9683;2024-07-17 23:30:02;2024-07-17 23:30:02
9;904561;Lubrificação central cpl TNG 32;Fabio;Fabio;1103;9683;2024-07-17 23:30:02;2024-07-17 23:30:02
10;904562;Lubrificação central Sehi 50 Hz;Fabio;Fabio;1103;9683;2024-07-17 23:30:02;2024-07-17 23:30:02
11;904563;Bujão roscado G1/8;Fabio;Fabio;1103;9696;2024-07-17 23:30:02;2024-07-17 23:30:02
12;904564;Moldura;Edi;Edi;1103;9699;2024-07-17 23:30:02;2024-07-17 23:30:02
13;904565;Moldura;Edi;Edi;1103;9699;2024-07-17 23:30:02;2024-07-17 23:30:02
14;904566;Painel Fanuc retrabalhado;Edi;Edi;1103;9701;2024-07-17 23:30:02;2024-07-17 23:30:02
15;904567;Moldura;Edi;Edi;1103;9699;2024-07-17 23:30:02;2024-07-17 23:30:02
16;904568;Moldura;Edi;Edi;1103;9699;2024-07-17 23:30:02;2024-07-17 23:30:02
17;904569;Moldura;Edi;Edi;1103;9699;2024-07-17 23:30:02;2024-07-17 23:30:02
18;904570;Uebs ávore D32;Edi;Edi;1103;9782;2024-07-17 23:30:02;2024-07-17 23:30:02
19;904571;Cabeçote D32 cpl;Edi;Edi;1103;9782;2024-07-17 23:30:02;2024-07-17 23:30:02
20;904572;Fuso principal cpl;Edi;Edi;1103;9782;2024-07-17 23:30:02;2024-07-17 23:30:02
21;904573;Polia dentada Z27;Edi;Edi;1103;9782;2024-07-17 23:30:02;2024-07-17 23:30:02
22;904574;Anel de fixação;Edi;Edi;1103;9782;2024-07-17 23:30:02;2024-07-17 23:30:02
23;904575;Polia V do fuso D100 cpl;Edi;Edi;1103;9782;2024-07-17 23:30:02;2024-07-17 23:30:02
24;904576;Polia V do fuso D100;Edi;Edi;1103;9782;2024-07-17 23:30:02;2024-07-17 23:30:02
25;904577;Gerador de impulsos cpl;Edi;Edi;1103;9782;2024-07-17 23:30:02;2024-07-17 23:30:02
26;904578;Chapa de proteção;Gabriel;Gabriel;1103;9838;2024-07-17 23:30:02;2024-07-17 23:30:02
27;904579;Base da máquina cpl;Edi;Edi;1103;9716;2024-07-17 23:30:02;2024-07-17 23:30:02
28;904580;Uebs base da máquina cpl;Edi;Edi;1103;9716;2024-07-17 23:30:02;2024-07-17 23:30:02
29;904581;Base da máquina usinada;Edi;Edi;1103;9716;2024-07-17 23:30:02;2024-07-17 23:30:02
30;904582;Peças soldadas cobertura externa c/ pass. ext. cabos;Edi;Edi;1103;9893;2024-07-17 23:30:02;2024-07-17 23:30:02
31;904583;Cobertura principal Sold. Fanuc c/ passagem de cabos;Edi;Edi;1103;9893;2024-07-17 23:30:02;2024-07-17 23:30:02
32;904584;TAMPA TANQUE DIREITA;GABRIEL;GABRIEL;1103;9899;2024-07-17 23:30:02;2024-07-17 23:30:02
33;904585;Tunel de passagem de cabos;Edi;Edi;1103;9893;2024-07-17 23:30:02;2024-07-17 23:30:02
34;904586;Chapa principal;Edi;Edi;1103;9893;2024-07-17 23:30:02;2024-07-17 23:30:02
35;904587;SENSOR;GABRIEL;GABRIEL;1103;9906;2024-07-17 23:30:02;2024-07-17 23:30:02
36;904588;Parede direita inteira ;Edi;Edi;1103;9893;2024-07-17 23:30:02;2024-07-17 23:30:02
37;904589;Chapa direcionadora;Edi;Edi;1103;9893;2024-07-17 23:30:02;2024-07-17 23:30:02
38;904590;Cob. externa Fanuc c/ passgem externa de cabos;Edi;Edi;1103;9893;2024-07-17 23:30:02;2024-07-17 23:30:02
39;904591;Peças soldadas cobertura externa c/ pass. ext. cabos;Edi;Edi;1103;9893;2024-07-17 23:30:02;2024-07-17 23:30:02
40;904592;Reforço;Edi;Edi;1103;9914;2024-07-17 23:30:02;2024-07-17 23:30:02
41;904593;Reforço;Edi;Edi;1103;9914;2024-07-17 23:30:02;2024-07-17 23:30:02
42;904594;Painel de comando cpl;Edi;Edi;1103;9914;2024-07-17 23:30:02;2024-07-17 23:30:02
43;904595;Painel de comando;Edi;Edi;1103;9914;2024-07-17 23:30:02;2024-07-17 23:30:02
44;904596;Dibradiça;Edi;Edi;1103;9914;2024-07-17 23:30:02;2024-07-17 23:30:02
45;904597;Tampa do painel de comando;Edi;Edi;1103;9914;2024-07-17 23:30:02;2024-07-17 23:30:02
46;904598;Borracha de vadação;Edi;Edi;1103;9914;2024-07-17 23:30:02;2024-07-17 23:30:02
47;904599;Tampa para filtro do painel;Edi;Edi;1103;9914;2024-07-17 23:30:02;2024-07-17 23:30:02
48;904600;Painel de comando cpl;Edi;Edi;1103;9914;2024-07-17 23:30:02;2024-07-17 23:30:02
49;904601;PROTEÇÃO PARA CABOS;Edi;Edi;1103;9914;2024-07-17 23:30:02;2024-07-17 23:30:02
50;904602;PROTEÇÃO PARA CABOS;Edi;Edi;1103;9914;2024-07-17 23:30:02;2024-07-17 23:30:02
51;904603;Chapa de montagem;Gabriel;Gabriel;1103;9941;2024-07-17 23:30:02;2024-07-17 23:30:02
52;904604;Calha para cabos;Fabio;Fabio;1103;9941;2024-07-17 23:30:02;2024-07-17 23:30:02
53;904605;Calha para cabos;Fabio;Fabio;1103;9941;2024-07-17 23:30:02;2024-07-17 23:30:02
54;904606;DISTRIBUIDOR C/ 5 DOSADORES;Gabriel;Gabriel;1103;9985;2024-07-17 23:30:02;2024-07-17 23:30:02
55;904607;Lubrificacao centralizada;Gabriel;Gabriel;1103;9985;2024-07-17 23:30:02;2024-07-17 23:30:02
56;904608;Conexao uniao macho;Gabriel;Gabriel;1103;9985;2024-07-17 23:30:02;2024-07-17 23:30:02
57;904609;Bucha corrediça CPL;Gabriel;Gabriel;1103;9991;2024-07-17 23:30:02;2024-07-17 23:30:02
58;904610;Mancal;Gabriel;Gabriel;1103;9991;2024-07-17 23:30:02;2024-07-17 23:30:02
59;904611;Bucha;Gabriel;Gabriel;1103;9991;2024-07-17 23:30:02;2024-07-17 23:30:02
60;904612;Suporte do distribuidor;Gabriel;Gabriel;1103;9985;2024-07-17 23:30:02;2024-07-17 23:30:02
61;904613;Proteção superior;Fabio;Fabio;1103;9984;2024-07-17 23:30:02;2024-07-17 23:30:02
62;904614;Proteção inferior;Fabio;Fabio;1103;9984;2024-07-17 23:30:02;2024-07-17 23:30:02
63;904615;P-A Proteção transportador de cavacos;Vitor;Fabio;1103;10001;2024-07-17 23:30:02;2024-07-17 23:30:02
64;904616;Orientação transporte;Gabriel;Gabriel;1103;9994;2024-07-17 23:30:02;2024-07-17 23:30:02
65;904617;Tunel passagem cabos;Gabriel;Gabriel;1103;9994;2024-07-17 23:30:02;2024-07-17 23:30:02
66;904618;Tampa;Gabriel;Gabriel;1103;9994;2024-07-17 23:30:02;2024-07-17 23:30:02
67;904619;Parede divisória;Fabio;Fabio;1103;10029;2024-07-17 23:30:02;2024-07-17 23:30:02
68;904620;Parede divisória cpl;Fabio;Fabio;1103;10029;2024-07-17 23:30:02;2024-07-17 23:30:02
69;904621;Cantoneira;Gabriel;Gabriel;1103;10029;2024-07-17 23:30:02;2024-07-17 23:30:02
70;904622;Chapa;Gabriel;Gabriel;1103;10029;2024-07-17 23:30:02;2024-07-17 23:30:02
71;904623;Suporte;Gabriel;Gabriel;1103;10029;2024-07-17 23:30:02;2024-07-17 23:30:02
72;904624;Labirinto;Gabriel;Gabriel;1103;10029;2024-07-17 23:30:02;2024-07-17 23:30:02
73;904625;Proteção superior;Gabriel;Gabriel;1103;10029;2024-07-17 23:30:02;2024-07-17 23:30:02
74;904626;Porta CPL;Gabriel;Gabriel;1103;10029;2024-07-17 23:30:02;2024-07-17 23:30:02
75;904627;Suporte do atuador;Gabriel;Gabriel;1103;10029;2024-07-17 23:30:02;2024-07-17 23:30:02
76;904628;Porta corrediça;Gabriel;Gabriel;1103;10029;2024-07-17 23:30:02;2024-07-17 23:30:02
77;904629;Peças soldadas;Gbariel;Gabriel;1103;10029;2024-07-17 23:30:02;2024-07-17 23:30:02
78;904630;Cobertura soldada fanuc;gabriel;Gabriel;1103;10029;2024-07-17 23:30:02;2024-07-17 23:30:02
79;904631;Chapa lateral direita;Gabriel;Gabriel;1103;10029;2024-07-17 23:30:02;2024-07-17 23:30:02
80;904632;Reforço;Gabriel;Gabriel;1103;10029;2024-07-17 23:30:02;2024-07-17 23:30:02
81;904633;Parede direita interna;Gabriel;Gabriel;1103;10029;2024-07-17 23:30:02;2024-07-17 23:30:02
82;904634;Chapa divisória;Gabriel;Gabriel;1103;10029;2024-07-17 23:30:02;2024-07-17 23:30:02
83;904635;Parede divisória arremate;Gabriel;Gabriel;1103;10029;2024-07-17 23:30:02;2024-07-17 23:30:02
84;904636;Parede divisória;Gabriel;Gabriel;1103;10029;2024-07-17 23:30:02;2024-07-17 23:30:02
85;904637;Peças soldadas cobertura externa;Gabriel;Gabriel;1103;10029;2024-07-17 23:30:02;2024-07-17 23:30:02
86;904638;Peças soldadas cobertura externa FANUC;Gabriel;Gabriel;1103;10029;2024-07-17 23:30:02;2024-07-17 23:30:02
87;904639;Reservado Gabriel;Gabriel;Gabriel;1103;10029;2024-07-17 23:30:02;2024-07-17 23:30:02
88;904640;Coberturas externas;Gabriel;Gabriel;1103;10029;2024-07-17 23:30:02;2024-07-17 23:30:02
89;904641;Carro eixo X usinado;Gabriel;Gabriel;1103;10070;2024-07-17 23:30:02;2024-07-17 23:30:02
90;904642;Mancal para eixo;Gabriel;Gabriel;1103;10070;2024-07-17 23:30:02;2024-07-17 23:30:02
91;904643;Calco para mancal;Gabriel;Gabriel;1103;10070;2024-07-17 23:30:02;2024-07-17 23:30:02
92;904644;Fuso de esferas;Gabriel;Gabriel;1103;10070;2024-07-17 23:30:02;2024-07-17 23:30:02
93;904645;Cobertura do dosador;Gabriel;Gabriel;1103;10084;2024-07-17 23:30:02;2024-07-17 23:30:02
94;904646;"Pinça A-36 SW 20,63 mm 13/16""";Matheus;Allan;1103;10097;2024-07-17 23:30:02;2024-07-17 23:30:02
95;904647;Pinça A-36 SW 20,00 mm;Matheus;Allan;1103;10097;2024-07-17 23:30:02;2024-07-17 23:30:02
96;904648;Coberturas internas FANUC CPL;Gabriel;Gabriel;1103;10100;2024-07-17 23:30:02;2024-07-17 23:30:02
97;904649;Calço cobertura fixa;Gabriel;Gabriel;1103;10100;2024-07-17 23:30:02;2024-07-17 23:30:02
98;904650;Cobertura motor fixa;Gabriel;Gabriel;1103;10100;2024-07-17 23:30:02;2024-07-17 23:30:02
99;904651;Cobertura motor movel;Gabriel;Gabriel;1103;10100;2024-07-17 23:30:02;2024-07-17 23:30:02
100;904652;Jogo raspadores FANUC;Gabriel;Gabriel;1103;10100;2024-07-17 23:30:02;2024-07-17 23:30:02
101;904653;Raspador;Gabriel;Gabriel;1103;10100;2024-07-17 23:30:02;2024-07-17 23:30:02
102;904654;Raspador;Gabriel;Gabriel;1103;10100;2024-07-17 23:30:02;2024-07-17 23:30:02
103;904655;Jogo de peças sodladas coberturas internas;Gabriel;Gabriel;1103;10100;2024-07-17 23:30:02;2024-07-17 23:30:02
104;904656;Pinça A-36 SW 15,00 mm;Matheus;Thiago;1103;10176;2024-07-17 23:30:02;2024-07-17 23:30:02
105;904657;Proteção dos cabos;Gabriel;Gabriel;1103;10195;2024-07-17 23:30:02;2024-07-17 23:30:02
106;904658;Porta sobre armario;Gabriel;Gabriel;1103;10195;2024-07-17 23:30:02;2024-07-17 23:30:02
107;904659;Portas traseias CPL;Gabriel;Gabriel;1103;10195;2024-07-17 23:30:02;2024-07-17 23:30:02
108;904660;Portas traseiras CPl;Gabriel;Gabriel;1103;10195;2024-07-17 23:30:02;2024-07-17 23:30:02
109;904661;Calha caixa;Gabriel;Gabriel;1103;10246;2024-07-17 23:30:02;2024-07-17 23:30:02
110;904662;Cesta de peças;Gabriel;Gabriel;1103;10246;2024-07-17 23:30:02;2024-07-17 23:30:02
111;904663;Plaqueta quebra de ferramenta;Gabriel;Gabriel;1103;10298;2024-07-17 23:30:02;2024-07-17 23:30:02
112;904664;Chapa bruta;Matheus;Fabio;1103;10337;2024-07-17 23:30:02;2024-07-17 23:30:02
113;904665;Reservatório p/ 904099;Matheus;Matheus;1103;10428;2024-07-17 23:30:02;2024-07-17 23:30:02
114;904666;Porta traseira superior;Fabio;Fabio;1103;10481;2024-07-17 23:30:02;2024-07-17 23:30:02
115;904667;Acionamento principal correia dentada;Fabio;Fabio;1103;10528;2024-07-17 23:30:02;2024-07-17 23:30:02
116;904668;Polia Z26 cpl;Fabio;Fabio;1103;10528;2024-07-17 23:30:02;2024-07-17 23:30:02
117;904669;Polia Z26 cpl;Fabio;Fabio;1103;10528;2024-07-17 23:30:02;2024-07-17 23:30:02
118;904671;Polia Z33 cpl;Fabio;Fabio;1103;10528;2024-07-17 23:30:02;2024-07-17 23:30:02
119;904672;Anel;Fabio;Fabio;1103;10528;2024-07-17 23:30:02;2024-07-17 23:30:02
120;904673;Pino de apoio;Fabio;Fabio;1103;10528;2024-07-17 23:30:02;2024-07-17 23:30:02
121;904674;Fuso principal D32;Fabio;Fabio;1103;10528;2024-07-17 23:30:02;2024-07-17 23:30:02
122;904675;UEBS Árvore D32;Fabio;Fabio;1103;10528;2024-07-17 23:30:02;2024-07-17 23:30:02
123;904676;Cabeçote D32 cpl;Fabio;Fabio;1103;10528;2024-07-17 23:30:02;2024-07-17 23:30:02
124;904677;Correia dentada;Fabio;Fabio;1103;10528;2024-07-17 23:30:02;2024-07-17 23:30:02
125;904678;Polia Z33;Fabio;Fabio;1103;10528;2024-07-17 23:30:02;2024-07-17 23:30:02
126;904679;KIT roda dentada;Gabriel;Gabriel;1103;10670;2024-07-17 23:30:02;2024-07-17 23:30:02
127;904680;KIT roda dentada;Gabriel;Gabriel;1103;10670;2024-07-17 23:30:02;2024-07-17 23:30:02
128;904681;Roda dentada;Gabriel;Gabriel;1103;10670;2024-07-17 23:30:02;2024-07-17 23:30:02
129;904682;Roda dentada;Gabriel;Gabriel;1103;10670;2024-07-17 23:30:02;2024-07-17 23:30:02
130;904683;Suporte inferior;Gabriel;Gabriel;1103;10716;2024-07-17 23:30:02;2024-07-17 23:30:02
131;904684;Porta corrediça;Gabriel;Gabriel;1103;10716;2024-07-17 23:30:02;2024-07-17 23:30:02
132;904685;Porta CPL;Gabriel;Gabriel;1103;10716;2024-07-17 23:30:02;2024-07-17 23:30:02
133;904686;Peças soldadas;Gabriel;Gabriel;1103;10716;2024-07-17 23:30:02;2024-07-17 23:30:02
134;904687;Porta ferramenta Di22x40;Fabio;Fabio;1103;10728;2024-07-17 23:30:02;2024-07-17 23:30:02
135;904688;Porta ferramenta Di22x40 cpl;Fabio;Fabio;1103;10728;2024-07-17 23:30:02;2024-07-17 23:30:02
136;904689;Anel distanciador;Fabio;Fabio;1103;10776;2024-07-17 23:30:02;2024-07-17 23:30:02
137;904690;Base retrabalhada;Gustavo;Gustavo;1103;10782;2024-07-17 23:30:02;2024-07-17 23:30:02
138;904691;Base CPL;Gabriel;Gabriel;1103;10784;2024-07-17 23:30:02;2024-07-17 23:30:02
139;904692;Base usinada;Gabriel;Gabriel;1103;10784;2024-07-17 23:30:02;2024-07-17 23:30:02
140;904693;Refrigeração CPL s/ refrig. interna CPL;Gabriel;Gabriel;1103;10789;2024-07-17 23:30:02;2024-07-17 23:30:02
141;904694;Refrigeração CPL c/ refrig. interna CPL;Gabriel;Gabriel;1103;10789;2024-07-17 23:30:02;2024-07-17 23:30:02
142;904695;Tampa tanque;Gabriel;Gabriel;1103;10789;2024-07-17 23:30:02;2024-07-17 23:30:02
143;904696;Caixa cavacos;Gabriel;Gabriel;1103;10789;2024-07-17 23:30:02;2024-07-17 23:30:02
144;904697;Chapa bomba;Gabriel;Gabriel;1103;10789;2024-07-17 23:30:02;2024-07-17 23:30:02
145;904698;Chapa perfurada;Gabriel;Gabriel;1103;10789;2024-07-17 23:30:02;2024-07-17 23:30:02
146;904699;Tampa interna;Gabriel;Gabriel;1103;10789;2024-07-17 23:30:02;2024-07-17 23:30:02
147;904700;UEBS Transportador de cavacos;Gabriel;Gabriel;1103;10791;2024-07-17 23:30:02;2024-07-17 23:30:02
148;904701;Suporte do tope;Gustavo;Gustavo;1103;10790;2024-07-17 23:30:02;2024-07-17 23:30:02
149;904702;P-A Fuso de esferas;Gustavo;Gustavo;1103;10790;2024-07-17 23:30:02;2024-07-17 23:30:02
150;904703;P-A Fuso de esferas;Gustavo;Gustavo;1103;10790;2024-07-17 23:30:02;2024-07-17 23:30:02
151;904704;Transportador de cavacos 60Hz;Gabriel;Gabriel;1103;10791;2024-07-17 23:30:02;2024-07-17 23:30:02
152;904705;Transportador de cavacos 50Hz;Gabriel;Gabriel;1103;10791;2024-07-17 23:30:02;2024-07-17 23:30:02
153;904706;Transportador de cavacos 60Hz latão;Gabriel;Gabriel;1103;10791;2024-07-17 23:30:02;2024-07-17 23:30:02
154;904707;Transportador de cavacos 50Hz latão;Gabriel;Gabriel;1103;10791;2024-07-17 23:30:02;2024-07-17 23:30:02
155;904708;P-A Sem transp cavacos;Gabriel;Gabriel;1103;10791;2024-07-17 23:30:02;2024-07-17 23:30:02
156;904709;Chapa de fechamento;Gabriel;Gabriel;1103;10791;2024-07-17 23:30:02;2024-07-17 23:30:02
157;904710;Tampa tanque;Gabriel;Gabriel;1103;10791;2024-07-17 23:30:02;2024-07-17 23:30:02
158;904711;P-A Passagem de cabos;Gabriel;Gabriel;1103;10791;2024-07-17 23:30:02;2024-07-17 23:30:02
159;904712;Motoredutor parafuso sem fim;Gustavo;Gustavo;1103;10809;2024-07-17 23:30:02;2024-07-17 23:30:02
160;904713;Chave compasso;Gabriel;Gabriel;1103;10811;2024-07-17 23:30:02;2024-07-17 23:30:02
161;904714;Kit para motoredutor;Gustavo;Gustavo;1103;10905;2024-07-17 23:30:02;2024-07-17 23:30:02
162;904715;Chumbador M16 CPL;Gabriel;Gabriel;1103;10932;2024-07-17 23:30:02;2024-07-17 23:30:02
163;904716;Fuso principal;Fabio;Fabio;1103;10937;2024-07-17 23:30:02;2024-07-17 23:30:02
164;904717;Flange;Fabio;Fabio;1103;10937;2024-07-17 23:30:02;2024-07-17 23:30:02
165;904718;Tampa da pinça;Fabio;Fabio;1103;10937;2024-07-17 23:30:02;2024-07-17 23:30:02
166;904719;Tampa de proteção;Fabio;Fabio;1103;10937;2024-07-17 23:30:02;2024-07-17 23:30:02
167;904720;Cabeçote D32 cpl;Fabio;Fabio;1103;10937;2024-07-17 23:30:02;2024-07-17 23:30:02
168;904721;Capa protetora;Fabio;Fabio;1103;10937;2024-07-17 23:30:02;2024-07-17 23:30:02
169;904722;Cabeçote usinado;Fabio;Fabio;1103;10937;2024-07-17 23:30:02;2024-07-17 23:30:02
170;904723;Fuso principal pré-montado;Fabio;Fabio;1103;10937;2024-07-17 23:30:02;2024-07-17 23:30:02
171;904724;UEBS Árvore principal TNG 32;Fabio;Fabio;1103;10937;2024-07-17 23:30:02;2024-07-17 23:30:02
172;904725;UEBS Árvore D32;Fabio;Fabio;1103;10937;2024-07-17 23:30:02;2024-07-17 23:30:02
173;904726;UEBS Árvore D32 - correia dentada;Fabio;Fabio;1103;10937;2024-07-17 23:30:02;2024-07-17 23:30:02
174;904727;Cabeçote D32 cpl;Fabio;Fabio;1103;10937;2024-07-17 23:30:02;2024-07-17 23:30:02
175;904728;P-A Pinça R26x32;Fabio;Fabio;1103;10937;2024-07-17 23:30:02;2024-07-17 23:30:02
176;904729;VAZIO;VAZIO;VAZIO;1103;0;2024-07-17 23:30:02;2024-07-17 23:30:02
177;904730;VAZIO;VAZIO;VAZIO;1103;0;2024-07-17 23:30:02;2024-07-17 23:30:02
178;904731;Planta TNG32;Gabriel;Gabriel;1103;11050;2024-07-17 23:30:02;2024-07-17 23:30:02
179;904732;Base usinada;Fabio;Fabio;1103;11036;2024-07-17 23:30:02;2024-07-17 23:30:02
180;904733;UEBS Cobertura;Fabio;Fabio;1103;11036;2024-07-17 23:30:02;2024-07-17 23:30:02
181;904734;Cobertura;Fabio;Fabio;1103;11036;2024-07-17 23:30:02;2024-07-17 23:30:02
182;904735;Chapa principal;Fabio;Fabio;1103;11036;2024-07-17 23:30:02;2024-07-17 23:30:02
183;904736;Chapa;Fabio;Fabio;1103;11036;2024-07-17 23:30:02;2024-07-17 23:30:02
184;904737;Chapa;Fabio;Fabio;1103;11036;2024-07-17 23:30:02;2024-07-17 23:30:02
185;904738;Chapa;Fabio;Fabio;1103;11036;2024-07-17 23:30:02;2024-07-17 23:30:02
186;904739;Chapa;Fabio;Fabio;1103;11036;2024-07-17 23:30:02;2024-07-17 23:30:02
187;904740;Chapa;Fabio;Fabio;1103;11036;2024-07-17 23:30:02;2024-07-17 23:30:02
188;904741;Chapa;Fabio;Fabio;1103;11036;2024-07-17 23:30:02;2024-07-17 23:30:02
189;904742;Chapa;Fabio;Fabio;1103;11036;2024-07-17 23:30:02;2024-07-17 23:30:02
190;904743;Chapa;Fabio;Fabio;1103;11036;2024-07-17 23:30:02;2024-07-17 23:30:02
191;904744;Chapa;Fabio;Fabio;1103;11036;2024-07-17 23:30:02;2024-07-17 23:30:02
192;904745;Chapa;Fabio;Fabio;1103;11036;2024-07-17 23:30:02;2024-07-17 23:30:02
193;904746;Chapa;Fabio;Fabio;1103;11036;2024-07-17 23:30:02;2024-07-17 23:30:02
194;904747;Chapa;Fabio;Fabio;1103;11036;2024-07-17 23:30:02;2024-07-17 23:30:02
195;904748;Chapa;Fabio;Fabio;1103;11036;2024-07-17 23:30:02;2024-07-17 23:30:02
196;904749;Chapa;Fabio;Fabio;1103;11036;2024-07-17 23:30:02;2024-07-17 23:30:02
197;904750;Chapa;Fabio;Fabio;1103;11036;2024-07-17 23:30:02;2024-07-17 23:30:02
198;904751;Chapa;Fabio;Fabio;1103;11036;2024-07-17 23:30:02;2024-07-17 23:30:02
199;904752;Chapa;Fabio;Fabio;1103;11036;2024-07-17 23:30:02;2024-07-17 23:30:02
200;904753;Chapa;Fabio;Fabio;1103;11036;2024-07-17 23:30:02;2024-07-17 23:30:02
201;904754;Chapa;Fabio;Fabio;1103;11036;2024-07-17 23:30:02;2024-07-17 23:30:02
202;904755;Chapa;Fabio;Fabio;1103;11036;2024-07-17 23:30:02;2024-07-17 23:30:02
203;904756;Chapa;Fabio;Fabio;1103;11036;2024-07-17 23:30:02;2024-07-17 23:30:02
204;904757;Chapa;Fabio;Fabio;1103;11036;2024-07-17 23:30:02;2024-07-17 23:30:02
205;904758;Suporte;Fabio;Fabio;1103;11036;2024-07-17 23:30:02;2024-07-17 23:30:02
206;904759;Suporte;Fabio;Fabio;1103;11036;2024-07-17 23:30:02;2024-07-17 23:30:02
207;904760;Chapa;Fabio;Fabio;1103;11036;2024-07-17 23:30:02;2024-07-17 23:30:02
208;904761;Chapa;Fabio;Fabio;1103;11036;2024-07-17 23:30:02;2024-07-17 23:30:02
209;904762;Cilindro amortecedor;Fabio;Fabio;1103;11036;2024-07-17 23:30:02;2024-07-17 23:30:02
210;904763;Cobertura;Fabio;Fabio;1103;11036;2024-07-17 23:30:02;2024-07-17 23:30:02
211;904764;Suporte;Fabio;Fabio;1103;11036;2024-07-17 23:30:02;2024-07-17 23:30:02
212;904765;Suporte;Fabio;Fabio;1103;11036;2024-07-17 23:30:02;2024-07-17 23:30:02
213;904766;Tampa;Fabio;Fabio;1103;11036;2024-07-17 23:30:02;2024-07-17 23:30:02
214;904767;VAZIO;Fabio;Fabio;1103;11036;2024-07-17 23:30:02;2024-07-17 23:30:02
215;904768;Chapa superior;Gabriel;Gabriel;1103;11082;2024-07-17 23:30:02;2024-07-17 23:30:02
216;904769;Bloco;Gabriel;Gabriel;1103;11082;2024-07-17 23:30:02;2024-07-17 23:30:02
217;904770;Tubo;Gustavo;Gustavo;1103;11100;2024-07-17 23:30:02;2024-07-17 23:30:02
218;904771;Cabeçote cpl;Fabio;Fabio;1103;11036;2024-07-17 23:30:02;2024-07-17 23:30:02
219;904772;Cabeçote usinado;Fabio;Fabio;1103;11036;2024-07-17 23:30:02;2024-07-17 23:30:02
220;904773;Chapa;Fabio;Fabio;1103;11036;2024-07-17 23:30:02;2024-07-17 23:30:02
221;904774;Porta cpl;Fabio;Fabio;1103;11036;2024-07-17 23:30:02;2024-07-17 23:30:02
222;904775;Labirinto;Fabio;Fabio;1103;11036;2024-07-17 23:30:02;2024-07-17 23:30:02
223;904776;Suporte;Fabio;Fabio;1103;11036;2024-07-17 23:30:02;2024-07-17 23:30:02
224;904777;Haste;Fabio;Fabio;1103;11036;2024-07-17 23:30:02;2024-07-17 23:30:02
225;904778;Calha;Fabio;Fabio;1103;11036;2024-07-17 23:30:02;2024-07-17 23:30:02
226;904779;Suporte;Fabio;Fabio;1103;11036;2024-07-17 23:30:02;2024-07-17 23:30:02
227;904780;Suporte;Fabio;Fabio;1103;11036;2024-07-17 23:30:02;2024-07-17 23:30:02
228;904781;Tampa;Fabio;Fabio;1103;11036;2024-07-17 23:30:02;2024-07-17 23:30:02
229;904782;Tampa;Fabio;Fabio;1103;11036;2024-07-17 23:30:02;2024-07-17 23:30:02
230;904783;Tampa;Fabio;Fabio;1103;11036;2024-07-17 23:30:02;2024-07-17 23:30:02
231;904784;Tampa inferior;Fabio;Fabio;1103;11036;2024-07-17 23:30:02;2024-07-17 23:30:02
232;904785;Parede divisória;Fabio;Fabio;1103;11036;2024-07-17 23:30:02;2024-07-17 23:30:02
233;904786;Calha;Fabio;Fabio;1103;11036;2024-07-17 23:30:02;2024-07-17 23:30:02
234;904787;Mancal;Fabio;Fabio;1103;11036;2024-07-17 23:30:02;2024-07-17 23:30:02
235;904788;Arremate;Fabio;Fabio;1103;11036;2024-07-17 23:30:02;2024-07-17 23:30:02
236;904789;Arremate;Fabio;Fabio;1103;11036;2024-07-17 23:30:02;2024-07-17 23:30:02
237;904790;Cobertura;Fabio;Fabio;1103;11036;2024-07-17 23:30:02;2024-07-17 23:30:02
238;904791;Tampa;Fabio;Fabio;1103;11036;2024-07-17 23:30:02;2024-07-17 23:30:02
239;904792;Atuador;Fabio;Fabio;1103;11036;2024-07-17 23:30:02;2024-07-17 23:30:02
240;904793;Chapa de vedação;Fabio;Fabio;1103;11036;2024-07-17 23:30:02;2024-07-17 23:30:02
241;904794;Coberturas internas cpl;Fabio;Fabio;1103;11036;2024-07-17 23:30:02;2024-07-17 23:30:02
242;904795;Cobertura móvel;Fabio;Fabio;1103;11036;2024-07-17 23:30:02;2024-07-17 23:30:02
243;904796;Cobertura móvel;Fabio;Fabio;1103;11036;2024-07-17 23:30:02;2024-07-17 23:30:02
244;904797;Cobertura fixa;Fabio;Fabio;1103;11036;2024-07-17 23:30:02;2024-07-17 23:30:02
245;904798;Coberturta central;Fabio;Fabio;1103;11036;2024-07-17 23:30:02;2024-07-17 23:30:02
246;904799;Raspador;Fabio;Fabio;1103;11036;2024-07-17 23:30:02;2024-07-17 23:30:02
247;904800;UEBS TNG;Gabriel;Gabriel;1103;11617;2024-07-17 23:30:02;2024-07-17 23:30:02
248;904801;Campo de trabalho;Gabriel;Gabriel;1103;11617;2024-07-17 23:30:02;2024-07-17 23:30:02
249;904802;Planta;Gabriel;Gabriel;1103;11617;2024-07-17 23:30:02;2024-07-17 23:30:02
250;904803;UEBS Base;Gabriel;Gabriel;1103;11617;2024-07-17 23:30:02;2024-07-17 23:30:02
251;904804;UEBS Árvore principal;Gabriel;Gabriel;1103;11617;2024-07-17 23:30:02;2024-07-17 23:30:02
252;904805;UEBS Carro Z;Gabriel;Gabriel;1103;11617;2024-07-17 23:30:02;2024-07-17 23:30:02
253;904806;UEBS Carro X;Gabriel;Gabriel;1103;11617;2024-07-17 23:30:02;2024-07-17 23:30:02
254;904807;UEBS Coberturas internas;Gabriel;Gabriel;1103;11617;2024-07-17 23:30:02;2024-07-17 23:30:02
255;904808;UEBS Coberturas externas;Gabriel;Gabriel;1103;11617;2024-07-17 23:30:02;2024-07-17 23:30:02
256;904809;UEBS Lubrificação;Gabriel;Gabriel;1103;11617;2024-07-17 23:30:02;2024-07-17 23:30:02
257;904810;UEBS Hidráulico;Gabriel;Gabriel;1103;11617;2024-07-17 23:30:02;2024-07-17 23:30:02
258;904811;UEBS Refrigeração;Gabriel;Gabriel;1103;11617;2024-07-17 23:30:02;2024-07-17 23:30:02
259;904812;UEBS Transportador de cavacos;Gabriel;Gabriel;1103;11617;2024-07-17 23:30:02;2024-07-17 23:30:02
260;904813;Raspador;Fabio;Fabio;1103;11036;2024-07-17 23:30:02;2024-07-17 23:30:02
261;904814;Raspador;Fabio;Fabio;1103;11036;2024-07-17 23:30:02;2024-07-17 23:30:02
262;904815;Raspador;Fabio;Fabio;1103;11036;2024-07-17 23:30:02;2024-07-17 23:30:02
263;904816;Tampa;Fabio;Fabio;1103;11036;2024-07-17 23:30:02;2024-07-17 23:30:02
264;904817;Cobertura telescópica;Fabio;Fabio;1103;11036;2024-07-17 23:30:02;2024-07-17 23:30:02
265;904818;Chapa vedação;Fabio;Fabio;1103;11036;2024-07-17 23:30:02;2024-07-17 23:30:02
266;904819;Chapa vedação;Fabio;Fabio;1103;11036;2024-07-17 23:30:02;2024-07-17 23:30:02
267;904820;Gerador de pulsos;Gustavo;Gustavo;1103;11171;2024-07-17 23:30:02;2024-07-17 23:30:02
268;904821;Polia;Gustavo;Gustavo;1103;11171;2024-07-17 23:30:02;2024-07-17 23:30:02
269;904822;Correa;Gustavo;Gustavo;1103;11171;2024-07-17 23:30:02;2024-07-17 23:30:02
270;904823;Fuso principal cpl;Gustavo;Gustavo;1103;11171;2024-07-17 23:30:02;2024-07-17 23:30:02
271;904824;Polia V fuso D100 CPL;Gustavo;Gustavo;1103;11171;2024-07-17 23:30:02;2024-07-17 23:30:02
272;904825;Polia dentada Z-28;Gustavo;Gustavo;1103;11171;2024-07-17 23:30:02;2024-07-17 23:30:02
273;904826;Flange;Gustavo;Gustavo;1103;11171;2024-07-17 23:30:02;2024-07-17 23:30:02
274;904827;Polia dentada Z-28 cpl;Gustavo;Gustavo;1103;11171;2024-07-17 23:30:02;2024-07-17 23:30:02
275;904828;Gerador de pulsos;Gabriel;Gabriel;1103;11183;2024-07-17 23:30:02;2024-07-17 23:30:02
276;904829;SUporte;Gabriel;Gabriel;1103;11183;2024-07-17 23:30:02;2024-07-17 23:30:02
277;904830;Chapa;Gabriel;Gabriel;1103;11183;2024-07-17 23:30:02;2024-07-17 23:30:02
278;904831;Bloco;Gabriel;Gabriel;1103;11183;2024-07-17 23:30:02;2024-07-17 23:30:02
279;904832;Fuso principal CPL;Gabriel;Gabriel;1103;11183;2024-07-17 23:30:02;2024-07-17 23:30:02
280;904833;Fuso principal correia dentada CPL;Gabriel;Gabriel;1103;11183;2024-07-17 23:30:02;2024-07-17 23:30:02
281;904834;Polia Z40 CPL;Gabriel;Gabriel;1103;11183;2024-07-17 23:30:02;2024-07-17 23:30:02
282;904835;Chapa vedação;Fabio;Fabio;1103;11036;2024-07-17 23:30:02;2024-07-17 23:30:02
283;904836;Separador de peças cpl;Fabio;Fabio;1103;11036;2024-07-17 23:30:02;2024-07-17 23:30:02
284;904837;Chapa;Fabio;Fabio;1103;11036;2024-07-17 23:30:02;2024-07-17 23:30:02
285;904838;VAZIO;VAZIO;VAZIO;1103;0;2024-07-17 23:30:02;2024-07-17 23:30:02
286;904839;VAZIO;VAZIO;VAZIO;1103;0;2024-07-17 23:30:02;2024-07-17 23:30:02
287;904840;VAZIO;VAZIO;VAZIO;1103;0;2024-07-17 23:30:02;2024-07-17 23:30:02
288;904841;VAZIO;VAZIO;VAZIO;1103;0;2024-07-17 23:30:02;2024-07-17 23:30:02
289;904842;VAZIO;VAZIO;VAZIO;1103;0;2024-07-17 23:30:02;2024-07-17 23:30:02
290;904843;Fuso de esferas bruto;Gustavo;Gustavo;1103;11198;2024-07-17 23:30:02;2024-07-17 23:30:02
291;904844;Fuso de esferas bruto;Gustavo;Gustavo;1103;11198;2024-07-17 23:30:02;2024-07-17 23:30:02
292;904845;Estrutura TNG32;Gabriel;Gabriel;1103;11258;2024-07-17 23:30:02;2024-07-17 23:30:02
293;904846;UEBS Lubrificacao;Gabriel;Gabriel;1103;11258;2024-07-17 23:30:02;2024-07-17 23:30:02
294;904847;Lubrificação central DROPSA 60Hz CPL;Gabriel;Gabriel;1103;11258;2024-07-17 23:30:02;2024-07-17 23:30:02
295;904848;Lubrificação central DROPSA 50Hz CPL;Gabriel;Gabriel;1103;11258;2024-07-17 23:30:02;2024-07-17 23:30:02
296;904849;Lubrificação central SEHI 60Hz CPL;Gabriel;Gabriel;1103;11258;2024-07-17 23:30:02;2024-07-17 23:30:02
297;904850;Lubrificação central SEHI 50Hz CPL;Gabriel;Gabriel;1103;11258;2024-07-17 23:30:02;2024-07-17 23:30:02
298;904851;UEBS Refrigeração;Gabriel;Gabriel;1103;11258;2024-07-17 23:30:02;2024-07-17 23:30:02
299;904852;Refrigeração GRUNDFOS 60Hz CPL;Gabriel;Gabriel;1103;11258;2024-07-17 23:30:02;2024-07-17 23:30:02
300;904853;Refrigeração GRUNDFOS 50Hz CPL;Gabriel;Gabriel;1103;11258;2024-07-17 23:30:02;2024-07-17 23:30:02
301;904854;Refrigeração TEXIUS 60Hz CPL;Gabriel;Gabriel;1103;11258;2024-07-17 23:30:02;2024-07-17 23:30:02
302;904855;Refrigeração TEXIUS 50Hz CPL;Gabriel;Gabriel;1103;11258;2024-07-17 23:30:02;2024-07-17 23:30:02
303;904856;Refrigeração interna GRUNDFOS 60Hz CPL;Gabriel;Gabriel;1103;11258;2024-07-17 23:30:02;2024-07-17 23:30:02
304;904857;Refrigeração interna GRUNDFOS 50Hz CPL;Gabriel;Gabriel;1103;11258;2024-07-17 23:30:02;2024-07-17 23:30:02
305;904858;Refrigeração interna TEXIUS 60Hz CPL;Gabriel;Gabriel;1103;11258;2024-07-17 23:30:02;2024-07-17 23:30:02
306;904859;Refrigeração interna TEXIUS 50Hz CPL;Gabriel;Gabriel;1103;11258;2024-07-17 23:30:02;2024-07-17 23:30:02
307;904860;UEBS Plaquetas;Gabriel;Gabriel;1103;11258;2024-07-17 23:30:02;2024-07-17 23:30:02
308;904861;Plaquetas português TNG42;Gabriel;Gabriel;1103;11258;2024-07-17 23:30:02;2024-07-17 23:30:02
309;904862;Plaquetas alemão TNG42;Gabriel;Gabriel;1103;11258;2024-07-17 23:30:02;2024-07-17 23:30:02
310;904863;Plaquetas inglês TNG42;Gabriel;Gabriel;1103;11258;2024-07-17 23:30:02;2024-07-17 23:30:02
311;904864;Plaquetas espanhol TNG42;Gabriel;Gabriel;1103;11258;2024-07-17 23:30:02;2024-07-17 23:30:02
312;904865;chapa;Fabio;Fabio;1103;11265;2024-07-17 23:30:02;2024-07-17 23:30:02
313;904866;PORTA;FABIO;FABIO;1103;11271;2024-07-17 23:30:02;2024-07-17 23:30:02
314;904867;moldura;FABIO;FABIO;1103;11271;2024-07-17 23:30:02;2024-07-17 23:30:02
315;904868;Guia fixa;Fabio;Fabio;1103;11271;2024-07-17 23:30:02;2024-07-17 23:30:02
316;904869;Acionador;Fabio;Fabio;1103;11271;2024-07-17 23:30:02;2024-07-17 23:30:02
317;904870;Porta cpl;Fabio;Fabio;1103;11271;2024-07-17 23:30:02;2024-07-17 23:30:02
318;904871;Vidro blindado;Fabio;Fabio;1103;11271;2024-07-17 23:30:02;2024-07-17 23:30:02
319;904872;Conjunto de chapas;Gustavo;Gustavo;1103;11265;2024-07-17 23:30:02;2024-07-17 23:30:02
320;904873;Calço;Fabio;Fabio;1103;11271;2024-07-17 23:30:02;2024-07-17 23:30:02
321;904874;Suporte;Gustavo;Gustavo;1103;11271;2024-07-17 23:30:02;2024-07-17 23:30:02
322;904875;Conjunto de chapas;Gustavo;Gustavo;1103;11271;2024-07-17 23:30:02;2024-07-17 23:30:02
323;904876;Conjunto de chapas;Gustavo;Gustavo;1103;11271;2024-07-17 23:30:02;2024-07-17 23:30:02
324;904877;Calço;Gustavo;Gustavo;1103;11271;2024-07-17 23:30:02;2024-07-17 23:30:02
325;904878;Porta automática CPL;Gabriel;Gabriel;1103;11230;2024-07-17 23:30:02;2024-07-17 23:30:02
326;904879;Cobertura retrabalhada;Gabriel;Gabriel;1103;11230;2024-07-17 23:30:02;2024-07-17 23:30:02
327;904880;Calha proteção;Gabriel;Gabriel;1103;11230;2024-07-17 23:30:02;2024-07-17 23:30:02
328;904881;Suporte principal;Gabriel;Gabriel;1103;11230;2024-07-17 23:30:02;2024-07-17 23:30:02
329;904882;Suporte retrabalhado;Gabriel;Gabriel;1103;11230;2024-07-17 23:30:02;2024-07-17 23:30:02
330;904883;Cantoneira;Gabriel;Gabriel;1103;11230;2024-07-17 23:30:02;2024-07-17 23:30:02
331;904884;Engate;Gabriel;Gabriel;1103;11230;2024-07-17 23:30:02;2024-07-17 23:30:02
332;904885;Proteção retrabalhada;Gabriel;Gabriel;1103;11230;2024-07-17 23:30:02;2024-07-17 23:30:02
333;904886;Escova tipo fita;Gabriel;Gabriel;1103;11230;2024-07-17 23:30:02;2024-07-17 23:30:02
334;904887;Chapa proteção;Gabriel;Gabriel;1103;11230;2024-07-17 23:30:02;2024-07-17 23:30:02
335;904888;Cobertura superior;Gabriel;Gabriel;1103;11230;2024-07-17 23:30:02;2024-07-17 23:30:02
336;904889;Chapa;Gabriel;Gabriel;1103;11230;2024-07-17 23:30:02;2024-07-17 23:30:02
337;904890;Cobertura;Gabriel;Gabriel;1103;11288;2024-07-17 23:30:02;2024-07-17 23:30:02
338;904891;UEBS Chumbador;Gustavo;Gustavo;1103;11309;2024-07-17 23:30:02;2024-07-17 23:30:02
339;904892;Chumbador M16 CPL;Gustavo;Gustavo;1103;11309;2024-07-17 23:30:02;2024-07-17 23:30:02
340;904893;Porta CPL;Gustavo;Gustavo;1103;11500;2024-07-17 23:30:02;2024-07-17 23:30:02
341;904894;Calço guia superior;Gustavo;Gustavo;1103;11500;2024-07-17 23:30:02;2024-07-17 23:30:02
342;904895;Suporte porta superior;Gustavo;Gustavo;1103;11500;2024-07-17 23:30:02;2024-07-17 23:30:02
343;904896;Trilho rolamento fixo;Gustavo;Gustavo;1103;11500;2024-07-17 23:30:02;2024-07-17 23:30:02
344;904897;Trilho rolamento móvel;Gustavo;Gustavo;1103;11500;2024-07-17 23:30:02;2024-07-17 23:30:02
345;904898;Calço trilho rolamento;Gustavo;Gustavo;1103;11500;2024-07-17 23:30:02;2024-07-17 23:30:02
346;904899;Atuador chave;Gustavo;Gustavo;1103;11500;2024-07-17 23:30:02;2024-07-17 23:30:02
347;904900;Suporte chave;Gustavo;Gustavo;1103;11500;2024-07-17 23:30:02;2024-07-17 23:30:02
348;904901;Chapa raspador guia;Gustavo;Gustavo;1103;11500;2024-07-17 23:30:02;2024-07-17 23:30:02
349;904902;Cantoneira;Gustavo;Gustavo;1103;11500;2024-07-17 23:30:02;2024-07-17 23:30:02
350;904903;Bloco;Gustavo;Gustavo;1103;11500;2024-07-17 23:30:02;2024-07-17 23:30:02
351;904904;Chapas soldadas;Gustavo;Gustavo;1103;11500;2024-07-17 23:30:02;2024-07-17 23:30:02
352;904905;Patim CPL;Gustavo;Gustavo;1103;11500;2024-07-17 23:30:02;2024-07-17 23:30:02
353;904906;Bucha;Ivo;Ivo;1103;11596;2024-07-17 23:30:02;2024-07-17 23:30:02
354;904907;UEBS Separador de peças;Gabriel;Gabriel;1103;11617;2024-07-17 23:30:02;2024-07-17 23:30:02
355;904908;UEBS Plaquetas e etiquetas;Gabriel;Gabriel;1103;11617;2024-07-17 23:30:02;2024-07-17 23:30:02
356;904909;UEBS Kit nivelação e cumbamento;Gabriel;Gabriel;1103;11617;2024-07-17 23:30:02;2024-07-17 23:30:02
357;904910;UEBS Trava dos eixos;Gabriel;Gabriel;1103;11617;2024-07-17 23:30:02;2024-07-17 23:30:02
358;904911;UEBS Acessórios;Gabriel;Gabriel;1103;11617;2024-07-17 23:30:02;2024-07-17 23:30:02
359;904912;UEBS Dispositivos opcionais;Gabriel;Gabriel;1103;11617;2024-07-17 23:30:02;2024-07-17 23:30:02
360;904913;Base CPL;Gabriel;Gabriel;1103;11618;2024-07-17 23:30:02;2024-07-17 23:30:02
361;904914;Base usinada;Gabriel;Gabriel;1103;11618;2024-07-17 23:30:02;2024-07-17 23:30:02
362;904915;Base soldada;Gabriel;Gabriel;1103;11618;2024-07-17 23:30:02;2024-07-17 23:30:02
363;904916;Coberturas internas CPL;Gabriel;Gabriel;1103;11619;2024-07-17 23:30:02;2024-07-17 23:30:02
364;904917;Cobertura fixa esquerda;Gabriel;Gabriel;1103;11619;2024-07-17 23:30:02;2024-07-17 23:30:02
365;904918;Cobertura fixa traseira;Gabriel;Gabriel;1103;11619;2024-07-17 23:30:02;2024-07-17 23:30:02
366;904919;Cobertura móvel esquerda;Gabriel;Gabriel;1103;11619;2024-07-17 23:30:02;2024-07-17 23:30:02
367;904920;Cobertura móvel direita;Gabriel;Gabriel;1103;11619;2024-07-17 23:30:02;2024-07-17 23:30:02
368;904921;Cobertura móvel traseira;Gabriel;Gabriel;1103;11619;2024-07-17 23:30:02;2024-07-17 23:30:02
369;904922;Régua;Gabriel;Gabriel;1103;11619;2024-07-17 23:30:02;2024-07-17 23:30:02
370;904923;Chapa vedação;Gabriel;Gabriel;1103;11619;2024-07-17 23:30:02;2024-07-17 23:30:02
371;904924;Tampa superior;Gabriel;Gabriel;1103;11619;2024-07-17 23:30:02;2024-07-17 23:30:02
372;904925;Cobertura telescópica;Gabriel;Gabriel;1103;11619;2024-07-17 23:30:02;2024-07-17 23:30:02
373;904926;Kit raspadores;Gabriel;Gabriel;1103;11619;2024-07-17 23:30:02;2024-07-17 23:30:02
374;904927;Raspador;Gabriel;Gabriel;1103;11619;2024-07-17 23:30:02;2024-07-17 23:30:02
375;904928;Raspador;Gabriel;Gabriel;1103;11619;2024-07-17 23:30:02;2024-07-17 23:30:02
376;904929;Raspador;Gabriel;Gabriel;1103;11619;2024-07-17 23:30:02;2024-07-17 23:30:02
377;904930;Raspador;Gabriel;Gabriel;1103;11619;2024-07-17 23:30:02;2024-07-17 23:30:02
378;904931;Kit chapas;Gabriel;Gabriel;1103;11619;2024-07-17 23:30:02;2024-07-17 23:30:02
379;904932;Árvore D32 CPL;Gabriel;Gabriel;1103;11620;2024-07-17 23:30:02;2024-07-17 23:30:02
380;904933;Cabeçote CPL;Gabriel;Gabriel;1103;11620;2024-07-17 23:30:02;2024-07-17 23:30:02
381;904934;Sujeição pneumática CPL;Gabriel;Gabriel;1103;11620;2024-07-17 23:30:02;2024-07-17 23:30:02
382;904935;Acinoamento principal CPL;Gabriel;Gabriel;1103;11620;2024-07-17 23:30:02;2024-07-17 23:30:02
383;904936;P-A Cobertura;Gabriel;Gabriel;1103;11620;2024-07-17 23:30:02;2024-07-17 23:30:02
384;904937;Cabeçote usinado;Gabriel;Gabriel;1103;11620;2024-07-17 23:30:02;2024-07-17 23:30:02
385;904938;Bucha;Gabriel;Gabriel;1103;11620;2024-07-17 23:30:02;2024-07-17 23:30:02
386;904939;Fuso principal CPL;Gabriel;Gabriel;1103;11620;2024-07-17 23:30:02;2024-07-17 23:30:02
387;904940;Fuso principal;Gabriel;Gabriel;1103;11620;2024-07-17 23:30:02;2024-07-17 23:30:02
388;904941;Polia V fuso;Gabriel;Gabriel;1103;11620;2024-07-17 23:30:02;2024-07-17 23:30:02
389;904942;Tubo aperto;Gabriel;Gabriel;1103;11620;2024-07-17 23:30:02;2024-07-17 23:30:02
390;904943;Bucha distanciadora;Gabriel;Gabriel;1103;11620;2024-07-17 23:30:02;2024-07-17 23:30:02
391;904944;Bloco alinhamento;Gabriel;Gabriel;1103;11620;2024-07-17 23:30:02;2024-07-17 23:30:02
392;904945;Suporte usinado;Gabriel;Gabriel;1103;11620;2024-07-17 23:30:02;2024-07-17 23:30:02
393;904946;Suporte soldado;Gabriel;Gabriel;1103;11620;2024-07-17 23:30:02;2024-07-17 23:30:02
394;904947;Placa;Gabriel;Gabriel;1103;11620;2024-07-17 23:30:02;2024-07-17 23:30:02
395;904948;Placa;Gabriel;Gabriel;1103;11620;2024-07-17 23:30:02;2024-07-17 23:30:02
396;904949;Alavanca CPL;Gabriel;Gabriel;1103;11620;2024-07-17 23:30:02;2024-07-17 23:30:02
397;904950;Suporte cilindro;Gabriel;Gabriel;1103;11620;2024-07-17 23:30:02;2024-07-17 23:30:02
398;904951;Suporte soldado;Gabriel;Gabriel;1103;11620;2024-07-17 23:30:02;2024-07-17 23:30:02
399;904952;Bloco;Gabriel;Gabriel;1103;11620;2024-07-17 23:30:02;2024-07-17 23:30:02
400;904953;Chapa;Gabriel;Gabriel;1103;11620;2024-07-17 23:30:02;2024-07-17 23:30:02
401;904954;Chapa;Gabriel;Gabriel;1103;11620;2024-07-17 23:30:02;2024-07-17 23:30:02
402;904955;Suporte sensor;Gabriel;Gabriel;1103;11620;2024-07-17 23:30:02;2024-07-17 23:30:02
403;904956;Kit pneumático;Gabriel;Gabriel;1103;11620;2024-07-17 23:30:02;2024-07-17 23:30:02
404;904957;Polia V motor;Gabriel;Gabriel;1103;11620;2024-07-17 23:30:02;2024-07-17 23:30:02
405;904958;Tampa lateral;Gabriel;Gabriel;1103;11620;2024-07-17 23:30:02;2024-07-17 23:30:02
406;904959;Árvore D42 CPL;Gabriel;Gabriel;1103;11621;2024-07-17 23:30:02;2024-07-17 23:30:02
407;904960;Cabeçote CPL;Gabriel;Gabriel;1103;11621;2024-07-17 23:30:02;2024-07-17 23:30:02
408;904961;P-A Cobertura;Gabriel;Gabriel;1103;11621;2024-07-17 23:30:02;2024-07-17 23:30:02
409;904962;Tampa lateral superior;Gabriel;Gabriel;1103;11621;2024-07-17 23:30:02;2024-07-17 23:30:02
410;904963;Tampa lateral inferior;Gabriel;Gabriel;1103;11621;2024-07-17 23:30:02;2024-07-17 23:30:02
411;904964;Transportador de cavacos 60Hz CPL;Gabriel;Gabriel;1103;11622;2024-07-17 23:30:02;2024-07-17 23:30:02
412;904965;Transportador de cavacos 50Hz CPL;Gabriel;Gabriel;1103;11622;2024-07-17 23:30:02;2024-07-17 23:30:02
413;904966;Transportador de cavacos latão 60Hz CPL;Gabriel;Gabriel;1103;11622;2024-07-17 23:30:02;2024-07-17 23:30:02
414;904967;Transportador de cavacos latão 50Hz CPL;Gabriel;Gabriel;1103;11622;2024-07-17 23:30:02;2024-07-17 23:30:02
415;904968;P-A Transportador cavacos;Gabriel;Gabriel;1103;11622;2024-07-17 23:30:02;2024-07-17 23:30:02
416;904969;Transportador de cavacos 50Hz;Gabriel;Gabriel;1103;11622;2024-07-17 23:30:02;2024-07-17 23:30:02
417;904970;Transportador de cavacos latão 50Hz;Gabriel;Gabriel;1103;11622;2024-07-17 23:30:02;2024-07-17 23:30:02
418;904971;UEBS Pneumático;Gabriel;Gabriel;1103;11623;2024-07-17 23:30:02;2024-07-17 23:30:02
419;904972;Pneumático CPL;Gabriel;Gabriel;1103;11623;2024-07-17 23:30:02;2024-07-17 23:30:02
420;904973;P-A Sem pneumático;Gabriel;Gabriel;1103;11623;2024-07-17 23:30:02;2024-07-17 23:30:02
421;904974;Kit penumático;Gabriel;Gabriel;1103;11623;2024-07-17 23:30:02;2024-07-17 23:30:02
422;904975;Esquema pneumático;Gabriel;Gabriel;1103;11623;2024-07-17 23:30:02;2024-07-17 23:30:02
423;904976;Chapa montagem;Gabriel;Gabriel;1103;11623;2024-07-17 23:30:02;2024-07-17 23:30:02
424;904977;Tampa base;Gabriel;Gabriel;1103;11623;2024-07-17 23:30:02;2024-07-17 23:30:02
425;904978;Lubrificação CPL;Gabriel;Gabriel;1103;11624;2024-07-17 23:30:02;2024-07-17 23:30:02
426;904979;Suporte distribuidor;Gabriel;Gabriel;1103;11624;2024-07-17 23:30:02;2024-07-17 23:30:02
427;904980;VAZIO;Gabriel;Gabriel;1103;11624;2024-07-17 23:30:02;2024-07-17 23:30:02
428;904981;VAZIO;Gabriel;Gabriel;1103;11624;2024-07-17 23:30:02;2024-07-17 23:30:02
429;904982;VAZIO;Gabriel;Gabriel;1103;11624;2024-07-17 23:30:02;2024-07-17 23:30:02
430;904983;Refrigeração TEXIUS CPL;Gabriel;Gabriel;1103;11625;2024-07-17 23:30:02;2024-07-17 23:30:02
431;904984;Refrigeração GRUNDFOS CPL;Gabriel;Gabriel;1103;11625;2024-07-17 23:30:02;2024-07-17 23:30:02
432;904985;Refrigeração GRUNDFOS CPL;Gabriel;Gabriel;1103;11625;2024-07-17 23:30:02;2024-07-17 23:30:02
433;904986;Refrigeração c/ interna TEXIUS CPL;Gabriel;Gabriel;1103;11625;2024-07-17 23:30:02;2024-07-17 23:30:02
434;904987;Refrigeração c/ interna GRUNDFOS CPL;Gabriel;Gabriel;1103;11625;2024-07-17 23:30:02;2024-07-17 23:30:02
435;904988;Refrigeração c/ interna GRUNDFOS CPL;Gabriel;Gabriel;1103;11625;2024-07-17 23:30:02;2024-07-17 23:30:02
436;904989;Refrigeração c/ interna e válvulas TEXIUS CPL;Gabriel;Gabriel;1103;11625;2024-07-17 23:30:02;2024-07-17 23:30:02
437;904990;Refrigeração c/ interna e válvulas GRUNDFOS CPL;Gabriel;Gabriel;1103;11625;2024-07-17 23:30:02;2024-07-17 23:30:02
438;904991;Refrigeração c/ interna e válvulas GRUNDFOS CPL;Gabriel;Gabriel;1103;11625;2024-07-17 23:30:02;2024-07-17 23:30:02
439;904992;Kit pneumático;Gabriel;Gabriel;1103;11625;2024-07-17 23:30:02;2024-07-17 23:30:02
440;904993;Tubo refrigeração;Gabriel;Gabriel;1103;11625;2024-07-17 23:30:02;2024-07-17 23:30:02
441;904994;Calço bomba;Gabriel;Gabriel;1103;11625;2024-07-17 23:30:02;2024-07-17 23:30:02
442;904995;Calço bomba;Gabriel;Gabriel;1103;11625;2024-07-17 23:30:02;2024-07-17 23:30:02
443;904996;Calha de peças CPL;Gabriel;Gabriel;1103;11627;2024-07-17 23:30:02;2024-07-17 23:30:02
444;904997;Kit pneumático;Gabriel;Gabriel;1103;11627;2024-07-17 23:30:02;2024-07-17 23:30:02
445;904998;Calha de peças;Gabriel;Gabriel;1103;11627;2024-07-17 23:30:02;2024-07-17 23:30:02
446;904999;Bloco;Gabriel;Gabriel;1103;11627;2024-07-17 23:30:02;2024-07-17 23:30:02
447;905000;Bloco roscado;Gabriel;Gabriel;1103;11627;2024-07-17 23:30:02;2024-07-17 23:30:02
448;905001;Rampa de peças;Gabriel;Gabriel;1103;11627;2024-07-17 23:30:02;2024-07-17 23:30:02
449;905002;Suporte cilindro;Gabriel;Gabriel;1103;11627;2024-07-17 23:30:02;2024-07-17 23:30:02
450;905003;Pino;Gabriel;Gabriel;1103;11627;2024-07-17 23:30:02;2024-07-17 23:30:02
451;905004;Cilindro pneumático;Gabriel;Gabriel;1103;11627;2024-07-17 23:30:02;2024-07-17 23:30:02
452;905005;Válvula reguladora de fluxo;Gabriel;Gabriel;1103;11627;2024-07-17 23:30:02;2024-07-17 23:30:02
453;905006;Coberturas externas CPL;Gabriel;Gabriel;1103;11632;2024-07-17 23:30:02;2024-07-17 23:30:02
454;905007;Cobertura emassada;Gabriel;Gabriel;1103;11632;2024-07-17 23:30:02;2024-07-17 23:30:02
455;905008;Cobertura soldada;Gabriel;Gabriel;1103;11632;2024-07-17 23:30:02;2024-07-17 23:30:02
456;905009;Travessa superior;Gabriel;Gabriel;1103;11632;2024-07-17 23:30:02;2024-07-17 23:30:02
457;905010;Travessa superior;Gabriel;Gabriel;1103;11632;2024-07-17 23:30:02;2024-07-17 23:30:02
458;905011;Travessa superior;Gabriel;Gabriel;1103;11632;2024-07-17 23:30:02;2024-07-17 23:30:02
459;905012;Travessa superior;Gabriel;Gabriel;1103;11632;2024-07-17 23:30:02;2024-07-17 23:30:02
460;905013;Travessa superior;Gabriel;Gabriel;1103;11632;2024-07-17 23:30:02;2024-07-17 23:30:02
461;905014;Travessa superior;Gabriel;Gabriel;1103;11632;2024-07-17 23:30:02;2024-07-17 23:30:02
462;905015;Chapa superior;Gabriel;Gabriel;1103;11632;2024-07-17 23:30:02;2024-07-17 23:30:02
463;905016;Travessa frontal;Gabriel;Gabriel;1103;11632;2024-07-17 23:30:02;2024-07-17 23:30:02
464;905017;Travessa frontal;Gabriel;Gabriel;1103;11632;2024-07-17 23:30:02;2024-07-17 23:30:02
465;905018;Travessa frontal;Gabriel;Gabriel;1103;11632;2024-07-17 23:30:02;2024-07-17 23:30:02
466;905019;Suporte esquerdo;Gabriel;Gabriel;1103;11632;2024-07-17 23:30:02;2024-07-17 23:30:02
467;905020;Suporte central;Gabriel;Gabriel;1103;11632;2024-07-17 23:30:02;2024-07-17 23:30:02
468;905021;Suporte direito;Gabriel;Gabriel;1103;11632;2024-07-17 23:30:02;2024-07-17 23:30:02
469;905022;Chapa esquerda;Gabriel;Gabriel;1103;11632;2024-07-17 23:30:02;2024-07-17 23:30:02
470;905023;Chapa direita;Gabriel;Gabriel;1103;11632;2024-07-17 23:30:02;2024-07-17 23:30:02
471;905024;Chapa divisória;Gabriel;Gabriel;1103;11632;2024-07-17 23:30:02;2024-07-17 23:30:02
472;905025;Chapa traseira;Gabriel;Gabriel;1103;11632;2024-07-17 23:30:02;2024-07-17 23:30:02
473;905026;Calha cabos;Gabriel;Gabriel;1103;11632;2024-07-17 23:30:02;2024-07-17 23:30:02
474;905027;Tampa;Gabriel;Gabriel;1103;11632;2024-07-17 23:30:02;2024-07-17 23:30:02
475;905028;Tampa;Gabriel;Gabriel;1103;11632;2024-07-17 23:30:02;2024-07-17 23:30:02
476;905029;Batente;Gabriel;Gabriel;1103;11632;2024-07-17 23:30:02;2024-07-17 23:30:02
477;905030;Chapa;Gabriel;Gabriel;1103;11632;2024-07-17 23:30:02;2024-07-17 23:30:02
478;905031;Chapa tope;Gabriel;Gabriel;1103;11632;2024-07-17 23:30:02;2024-07-17 23:30:02
479;905032;Chapa frontal;Gabriel;Gabriel;1103;11632;2024-07-17 23:30:02;2024-07-17 23:30:02
480;905033;Chapa superior;Gabriel;Gabriel;1103;11632;2024-07-17 23:30:02;2024-07-17 23:30:02
481;905034;Arremate;Gabriel;Gabriel;1103;11632;2024-07-17 23:30:02;2024-07-17 23:30:02
482;905035;Arremate;Gabriel;Gabriel;1103;11632;2024-07-17 23:30:02;2024-07-17 23:30:02
483;905036;Arremate;Gabriel;Gabriel;1103;11632;2024-07-17 23:30:02;2024-07-17 23:30:02
484;905037;Arremate;Gabriel;Gabriel;1103;11632;2024-07-17 23:30:02;2024-07-17 23:30:02
485;905038;Bloco fixação;Gabriel;Gabriel;1103;11632;2024-07-17 23:30:02;2024-07-17 23:30:02
486;905039;Parede divisória;Gabriel;Gabriel;1103;11632;2024-07-17 23:30:02;2024-07-17 23:30:02
487;905040;Cantoneira;Gabriel;Gabriel;1103;11632;2024-07-17 23:30:02;2024-07-17 23:30:02
488;905041;Cobertura esquerda;Gabriel;Gabriel;1103;11632;2024-07-17 23:30:02;2024-07-17 23:30:02
489;905042;Suporte dobradiça;Gabriel;Gabriel;1103;11632;2024-07-17 23:30:02;2024-07-17 23:30:02
490;905043;Suporte dobradiça;Gabriel;Gabriel;1103;11632;2024-07-17 23:30:02;2024-07-17 23:30:02
491;905044;Porta frontal;Gabriel;Gabriel;1103;11632;2024-07-17 23:30:02;2024-07-17 23:30:02
492;905045;Painel de comando CPL;Gabriel;Gabriel;1103;11632;2024-07-17 23:30:02;2024-07-17 23:30:02
493;905046;Caixa;Gabriel;Gabriel;1103;11632;2024-07-17 23:30:02;2024-07-17 23:30:02
494;905047;Chapa comando;Gabriel;Gabriel;1103;11632;2024-07-17 23:30:02;2024-07-17 23:30:02
495;905048;Tampa painel;Gabriel;Gabriel;1103;11632;2024-07-17 23:30:02;2024-07-17 23:30:02
496;905049;Tampa cabos;Gabriel;Gabriel;1103;11632;2024-07-17 23:30:02;2024-07-17 23:30:02
497;905050;Proteção traseira;Gabriel;Gabriel;1103;11632;2024-07-17 23:30:02;2024-07-17 23:30:02
498;905051;Suporte haste;Gabriel;Gabriel;1103;11632;2024-07-17 23:30:02;2024-07-17 23:30:02
499;905052;Haste;Gabriel;Gabriel;1103;11632;2024-07-17 23:30:02;2024-07-17 23:30:02
500;905053;Chapa haste;Gabriel;Gabriel;1103;11632;2024-07-17 23:30:02;2024-07-17 23:30:02
501;905054;Porta CPL;Gabriel;Gabriel;1103;11634;2024-07-17 23:30:02;2024-07-17 23:30:02
502;905055;Suporte trilho;Gabriel;Gabriel;1103;11634;2024-07-17 23:30:02;2024-07-17 23:30:02
503;905056;Suprote patim;Gabriel;Gabriel;1103;11634;2024-07-17 23:30:02;2024-07-17 23:30:02
504;905057;Atuador;Gabriel;Gabriel;1103;11634;2024-07-17 23:30:02;2024-07-17 23:30:02
505;905058;Porta;Gabriel;Gabriel;1103;11634;2024-07-17 23:30:02;2024-07-17 23:30:02
506;905059;Moldura vertical;Gabriel;Gabriel;1103;11634;2024-07-17 23:30:02;2024-07-17 23:30:02
507;905060;Moldura horizontal;Gabriel;Gabriel;1103;11634;2024-07-17 23:30:02;2024-07-17 23:30:02
508;905061;Bloco roscado;Gabriel;Gabriel;1103;11634;2024-07-17 23:30:02;2024-07-17 23:30:02
509;905062;Moldura;Gabriel;Gabriel;1103;11634;2024-07-17 23:30:02;2024-07-17 23:30:02
510;905063;Chapa chave;Gabriel;Gabriel;1103;11634;2024-07-17 23:30:02;2024-07-17 23:30:02
511;905064;Suporte lingueta;Gabriel;Gabriel;1103;11634;2024-07-17 23:30:02;2024-07-17 23:30:02
512;905065;Suporte lingueta;Gabriel;Gabriel;1103;11634;2024-07-17 23:30:02;2024-07-17 23:30:02
513;905066;Chapa chave;Gabriel;Gabriel;1103;11634;2024-07-17 23:30:02;2024-07-17 23:30:02
514;905067;Cobertura chave;Gabriel;Gabriel;1103;11634;2024-07-17 23:30:02;2024-07-17 23:30:02
515;905068;Portas traseiras CPL;Gabriel;Gabriel;1103;11635;2024-07-17 23:30:02;2024-07-17 23:30:02
516;905069;Porta esquerda;Gabriel;Gabriel;1103;11635;2024-07-17 23:30:02;2024-07-17 23:30:02
517;905070;Porta direita;Gabriel;Gabriel;1103;11635;2024-07-17 23:30:02;2024-07-17 23:30:02
518;905071;Porta superior;Gabriel;Gabriel;1103;11635;2024-07-17 23:30:02;2024-07-17 23:30:02
519;905072;Varão quadrado CPL;Gabriel;Gabriel;1103;11635;2024-07-17 23:30:02;2024-07-17 23:30:02
520;905073;Varão quadrado 8;Gabriel;Gabriel;1103;11635;2024-07-17 23:30:02;2024-07-17 23:30:02
521;905074;Chapa;Gabriel;Gabriel;1103;11620;2024-07-17 23:30:02;2024-07-17 23:30:02
522;905075;Flange;Gabriel;Gabriel;1103;11620;2024-07-17 23:30:02;2024-07-17 23:30:02
523;905076;Correia em V POLYFLEX;Gabriel;Gabriel;1103;11620;2024-07-17 23:30:02;2024-07-17 23:30:02
524;905077;Cabeçote usinado;Gabriel;Gabriel;1103;11621;2024-07-17 23:30:02;2024-07-17 23:30:02
525;905078;Fuso principal balanceado;Gabriel;Gabriel;1103;11621;2024-07-17 23:30:02;2024-07-17 23:30:02
526;905079;Polia V fuso;Gabriel;Gabriel;1103;11621;2024-07-17 23:30:02;2024-07-17 23:30:02
527;905080;Árvore D42 50Hz CPL;Gabriel;Gabriel;1103;11621;2024-07-17 23:30:02;2024-07-17 23:30:02
528;905081;Chapa;Gabriel;Gabriel;1103;11621;2024-07-17 23:30:02;2024-07-17 23:30:02
529;905082;Kit chaparia;Gabriel;Gabriel;1103;11649;2024-07-17 23:30:02;2024-07-17 23:30:02
530;905083;Plaquetas etiquetas TNG32 português;Gabriel;Gabriel;1103;11654;2024-07-17 23:30:02;2024-07-17 23:30:02
531;905084;Plaquetas etiquetas TNG32 alemão;Gabriel;Gabriel;1103;11654;2024-07-17 23:30:02;2024-07-17 23:30:02
532;905085;Plaquetas etiquetas TNG32 inglês;Gabriel;Gabriel;1103;11654;2024-07-17 23:30:02;2024-07-17 23:30:02
533;905086;Plaquetas etiquetas TNG42 português;Gabriel;Gabriel;1103;11654;2024-07-17 23:30:02;2024-07-17 23:30:02
534;905087;Plaquetas etiquetas TNG42 alemão;Gabriel;Gabriel;1103;11654;2024-07-17 23:30:02;2024-07-17 23:30:02
535;905088;Plaquetas etiquetas TNG42 inglês;Gabriel;Gabriel;1103;11654;2024-07-17 23:30:02;2024-07-17 23:30:02
536;905089;Plaqueta lubrificação português;Gabriel;Gabriel;1103;11654;2024-07-17 23:30:02;2024-07-17 23:30:02
537;905090;Plaqueta lubrificação alemão;Gabriel;Gabriel;1103;11654;2024-07-17 23:30:02;2024-07-17 23:30:02
538;905091;Plaqueta lubrificação inglês;Gabriel;Gabriel;1103;11654;2024-07-17 23:30:02;2024-07-17 23:30:02
539;905092;Etiqueta TNG32;Gabriel;Gabriel;1103;11654;2024-07-17 23:30:02;2024-07-17 23:30:02
540;905093;Etiqueta TNG42;Gabriel;Gabriel;1103;11654;2024-07-17 23:30:02;2024-07-17 23:30:02
541;905094;Desenho movimentação;Gabriel;Gabriel;1103;11658;2024-07-17 23:30:02;2024-07-17 23:30:02
542;905095;Acessórios CPL;Gustavo;Gabriel;1103;11659;2024-07-17 23:30:02;2024-07-17 23:30:02
543;905096;Kit nivelador;Gabriel;Gabriel;1103;11660;2024-07-17 23:30:02;2024-07-17 23:30:02
544;905097;Kit nivelador e chumbador;Gabriel;Gabriel;1103;11660;2024-07-17 23:30:02;2024-07-17 23:30:02
545;905098;Kit chaparia cob. Emassada;Gabriel;Gabriel;1103;11632;2024-07-17 23:30:02;2024-07-17 23:30:02
546;905099;Kit chaparia cob. Externas;Gabriel;Gabriel;1103;11632;2024-07-17 23:30:02;2024-07-17 23:30:02
547;905100;Suporte micro;Gabriel;Gabriel;1103;11632;2024-07-17 23:30:02;2024-07-17 23:30:02
548;905101;Atuador micro;Gabriel;Gabriel;1103;11632;2024-07-17 23:30:02;2024-07-17 23:30:02
549;905102;Kit chaparia;Gabriel;Gabriel;1103;11634;2024-07-17 23:30:02;2024-07-17 23:30:02
550;905103;Kit chaparia;Gabriel;Gabriel;1103;11635;2024-07-17 23:30:02;2024-07-17 23:30:02
551;905104;Chapa inferior;Gabriel;Gabriel;1103;11671;2024-07-17 23:30:02;2024-07-17 23:30:02
552;905105;Chapa reforço;Gabriel;Gabriel;1103;11671;2024-07-17 23:30:02;2024-07-17 23:30:02
553;905106;VAZIO;VAZIO;VAZIO;1103;0;2024-07-17 23:30:02;2024-07-17 23:30:02
554;905107;VAZIO;VAZIO;VAZIO;1103;0;2024-07-17 23:30:02;2024-07-17 23:30:02
555;905108;VAZIO;VAZIO;VAZIO;1103;0;2024-07-17 23:30:02;2024-07-17 23:30:02
556;905109;VAZIO;VAZIO;VAZIO;1103;0;2024-07-17 23:30:02;2024-07-17 23:30:02
557;905110;VAZIO;VAZIO;VAZIO;1103;0;2024-07-17 23:30:02;2024-07-17 23:30:02
558;905111;VAZIO;VAZIO;VAZIO;1103;0;2024-07-17 23:30:02;2024-07-17 23:30:02
559;905112;VAZIO;VAZIO;VAZIO;1103;0;2024-07-17 23:30:02;2024-07-17 23:30:02
560;905113;VAZIO;VAZIO;VAZIO;1103;0;2024-07-17 23:30:02;2024-07-17 23:30:02
561;905114;VAZIO;VAZIO;VAZIO;1103;0;2024-07-17 23:30:02;2024-07-17 23:30:02
562;905115;VAZIO;VAZIO;VAZIO;1103;0;2024-07-17 23:30:02;2024-07-17 23:30:02
563;905116;VAZIO;VAZIO;VAZIO;1103;0;2024-07-17 23:30:02;2024-07-17 23:30:02
564;905117;VAZIO;VAZIO;VAZIO;1103;0;2024-07-17 23:30:02;2024-07-17 23:30:02
565;905118;VAZIO;VAZIO;VAZIO;1103;0;2024-07-17 23:30:02;2024-07-17 23:30:02
566;905119;VAZIO;VAZIO;VAZIO;1103;0;2024-07-17 23:30:02;2024-07-17 23:30:02
567;905120;VAZIO;VAZIO;VAZIO;1103;0;2024-07-17 23:30:02;2024-07-17 23:30:02
568;905121;VAZIO;VAZIO;VAZIO;1103;0;2024-07-17 23:30:02;2024-07-17 23:30:02
569;905122;VAZIO;VAZIO;VAZIO;1103;0;2024-07-17 23:30:02;2024-07-17 23:30:02
570;905123;VAZIO;VAZIO;VAZIO;1103;0;2024-07-17 23:30:02;2024-07-17 23:30:02
571;905124;Suporte escova;Gabriel;Gabriel;1103;11741;2024-07-17 23:30:02;2024-07-17 23:30:02
572;905125;Escova tipo fita;Gabriel;Gabriel;1103;11741;2024-07-17 23:30:02;2024-07-17 23:30:02
573;905126;Porca T;Gustavo;Thiago;1103;11750;2024-07-17 23:30:02;2024-07-17 23:30:02
574;905127;Porta ferramenta acionado vdi30 0g er25;Gustavo ;Tadeu;1103;11766;2024-07-17 23:30:02;2024-07-17 23:30:02
575;905128;Porta ferramenta acionado vdi30 90g er25;Gustavo ;Tadeu;1103;11766;2024-07-17 23:30:02;2024-07-17 23:30:02
576;905129;Chave EPPINGER/10006;Gustavo;Tadeu;1103;11772;2024-07-17 23:30:02;2024-07-17 23:30:02
577;905130;Pé fixador;Gabriel;Gabriel;1103;11775;2024-07-17 23:30:02;2024-07-17 23:30:02
578;905131;Bucha roscada;Robson;Gabriel;1103;11791;2024-07-17 23:30:02;2024-07-17 23:30:02
579;905132;Porta CPL;Gabriel;Gabriel;1103;11917;2024-07-17 23:30:02;2024-07-17 23:30:02
580;905133;Chapa fixa superior;Gabriel;Gabriel;1103;11917;2024-07-17 23:30:02;2024-07-17 23:30:02
581;905134;Mancal;Gabriel;Gabriel;1103;11917;2024-07-17 23:30:02;2024-07-17 23:30:02
582;905135;Eixo D16;Gabriel;Gabriel;1103;11917;2024-07-17 23:30:02;2024-07-17 23:30:02
583;905136;Suporte porta superior;Gabriel;Gabriel;1103;11917;2024-07-17 23:30:02;2024-07-17 23:30:02
584;905137;Atuador;Gabriel;Gabriel;1103;11917;2024-07-17 23:30:02;2024-07-17 23:30:02
585;905138;Chapa inferior;Gabriel;Gabriel;1103;11917;2024-07-17 23:30:02;2024-07-17 23:30:02
586;905139;Suporte porta inferior;Gabriel;Gabriel;1103;11917;2024-07-17 23:30:02;2024-07-17 23:30:02
587;905140;Kit chaparia;Gabriel;Gabriel;1103;11917;2024-07-17 23:30:02;2024-07-17 23:30:02
588;905141;Pkanta TNG32 + SUPER 432;Gabriel;Gabriel;1103;12012;2024-07-17 23:30:02;2024-07-17 23:30:02
